checking build system type... x86_64-pc-linux-gnu
checking host system type... x86_64-pc-linux-gnu
checking for gcc... /usr/bin/cc
checking whether the C compiler works... yes
checking for C compiler default output file name... a.out
checking for suffix of executables... 
checking whether we are cross compiling... no
checking for suffix of object files... o
checking whether the compiler supports GNU C... yes
checking whether /usr/bin/cc accepts -g... yes
checking for /usr/bin/cc option to enable C11 features... none needed
checking whether the compiler supports GNU C++... yes
checking whether /usr/bin/c++ accepts -g... yes
checking for /usr/bin/c++ option to enable C++11 features... none needed
checking for cpp... cpp
checking for ld... /usr/bin/ld
checking for the directory containing the Wine tools... none needed
checking for flex... /workspace/scratch/94ffb2b0bb2d/madeira-desktop-overlay-build/prerequisites/usr/bin/flex
checking whether flex is recent enough... yes
checking for bison... /workspace/scratch/94ffb2b0bb2d/madeira-desktop-overlay-build/prerequisite-bin/bison
checking whether bison is recent enough... yes
checking for strip... /usr/bin/strip
checking whether ln -s works... yes
checking for pkg-config... /usr/bin/pkg-config
checking for msgfmt... no
checking whether /workspace/scratch/94ffb2b0bb2d/madeira-desktop-overlay-build/toolchains/llvm-mingw-20260421-ucrt-ubuntu-22.04-x86_64/bin/clang supports -target aarch64-windows -fuse-ld=lld -Wl,-subsystem:console -Wl,-WX --no-default-config... yes
checking for /workspace/scratch/94ffb2b0bb2d/madeira-desktop-overlay-build/toolchains/llvm-mingw-20260421-ucrt-ubuntu-22.04-x86_64/bin/clang option to enable C99 features... -D__STDC__
checking whether /workspace/scratch/94ffb2b0bb2d/madeira-desktop-overlay-build/toolchains/llvm-mingw-20260421-ucrt-ubuntu-22.04-x86_64/bin/clang supports SEH directives... yes
checking whether /workspace/scratch/94ffb2b0bb2d/madeira-desktop-overlay-build/toolchains/llvm-mingw-20260421-ucrt-ubuntu-22.04-x86_64/bin/clang supports -fno-strict-aliasing... yes
checking whether /workspace/scratch/94ffb2b0bb2d/madeira-desktop-overlay-build/toolchains/llvm-mingw-20260421-ucrt-ubuntu-22.04-x86_64/bin/clang supports -Werror=unknown-warning-option... yes
checking whether /workspace/scratch/94ffb2b0bb2d/madeira-desktop-overlay-build/toolchains/llvm-mingw-20260421-ucrt-ubuntu-22.04-x86_64/bin/clang supports -Werror=unused-command-line-argument... yes
checking whether /workspace/scratch/94ffb2b0bb2d/madeira-desktop-overlay-build/toolchains/llvm-mingw-20260421-ucrt-ubuntu-22.04-x86_64/bin/clang supports -Werror=ignored-optimization-argument... yes
checking whether /workspace/scratch/94ffb2b0bb2d/madeira-desktop-overlay-build/toolchains/llvm-mingw-20260421-ucrt-ubuntu-22.04-x86_64/bin/clang supports -Werror=unsupported-floating-point-opt... yes
checking whether /workspace/scratch/94ffb2b0bb2d/madeira-desktop-overlay-build/toolchains/llvm-mingw-20260421-ucrt-ubuntu-22.04-x86_64/bin/clang supports -Wdeclaration-after-statement... yes
checking whether /workspace/scratch/94ffb2b0bb2d/madeira-desktop-overlay-build/toolchains/llvm-mingw-20260421-ucrt-ubuntu-22.04-x86_64/bin/clang supports -Wempty-body... yes
checking whether /workspace/scratch/94ffb2b0bb2d/madeira-desktop-overlay-build/toolchains/llvm-mingw-20260421-ucrt-ubuntu-22.04-x86_64/bin/clang supports -Wignored-qualifiers... yes
checking whether /workspace/scratch/94ffb2b0bb2d/madeira-desktop-overlay-build/toolchains/llvm-mingw-20260421-ucrt-ubuntu-22.04-x86_64/bin/clang supports -Winit-self... yes
checking whether /workspace/scratch/94ffb2b0bb2d/madeira-desktop-overlay-build/toolchains/llvm-mingw-20260421-ucrt-ubuntu-22.04-x86_64/bin/clang supports -Wpacked-not-aligned... no
checking whether /workspace/scratch/94ffb2b0bb2d/madeira-desktop-overlay-build/toolchains/llvm-mingw-20260421-ucrt-ubuntu-22.04-x86_64/bin/clang supports -Wmicrosoft-enum-forward-reference... yes
checking whether /workspace/scratch/94ffb2b0bb2d/madeira-desktop-overlay-build/toolchains/llvm-mingw-20260421-ucrt-ubuntu-22.04-x86_64/bin/clang supports -Wshift-overflow=2... no
checking whether /workspace/scratch/94ffb2b0bb2d/madeira-desktop-overlay-build/toolchains/llvm-mingw-20260421-ucrt-ubuntu-22.04-x86_64/bin/clang supports -Wstrict-prototypes... yes
checking whether /workspace/scratch/94ffb2b0bb2d/madeira-desktop-overlay-build/toolchains/llvm-mingw-20260421-ucrt-ubuntu-22.04-x86_64/bin/clang supports -Wtype-limits... yes
checking whether /workspace/scratch/94ffb2b0bb2d/madeira-desktop-overlay-build/toolchains/llvm-mingw-20260421-ucrt-ubuntu-22.04-x86_64/bin/clang supports -Wunused-but-set-parameter... yes
checking whether /workspace/scratch/94ffb2b0bb2d/madeira-desktop-overlay-build/toolchains/llvm-mingw-20260421-ucrt-ubuntu-22.04-x86_64/bin/clang supports -Wvla... yes
checking whether /workspace/scratch/94ffb2b0bb2d/madeira-desktop-overlay-build/toolchains/llvm-mingw-20260421-ucrt-ubuntu-22.04-x86_64/bin/clang supports -Wwrite-strings... yes
checking whether /workspace/scratch/94ffb2b0bb2d/madeira-desktop-overlay-build/toolchains/llvm-mingw-20260421-ucrt-ubuntu-22.04-x86_64/bin/clang supports -Wpointer-arith... yes
checking whether /workspace/scratch/94ffb2b0bb2d/madeira-desktop-overlay-build/toolchains/llvm-mingw-20260421-ucrt-ubuntu-22.04-x86_64/bin/clang supports -Wlogical-op... no
checking whether /workspace/scratch/94ffb2b0bb2d/madeira-desktop-overlay-build/toolchains/llvm-mingw-20260421-ucrt-ubuntu-22.04-x86_64/bin/clang supports -Wabsolute-value... yes
checking whether /workspace/scratch/94ffb2b0bb2d/madeira-desktop-overlay-build/toolchains/llvm-mingw-20260421-ucrt-ubuntu-22.04-x86_64/bin/clang supports -Wenum-enum-conversion... yes
checking whether /workspace/scratch/94ffb2b0bb2d/madeira-desktop-overlay-build/toolchains/llvm-mingw-20260421-ucrt-ubuntu-22.04-x86_64/bin/clang supports -ffunction-sections... yes
checking whether /workspace/scratch/94ffb2b0bb2d/madeira-desktop-overlay-build/toolchains/llvm-mingw-20260421-ucrt-ubuntu-22.04-x86_64/bin/clang supports -fasync-exceptions -DMIN_CLANG_VERSION=19... yes
checking whether /workspace/scratch/94ffb2b0bb2d/madeira-desktop-overlay-build/toolchains/llvm-mingw-20260421-ucrt-ubuntu-22.04-x86_64/bin/clang supports -ffp-exception-behavior=maytrap... yes
checking whether /workspace/scratch/94ffb2b0bb2d/madeira-desktop-overlay-build/toolchains/llvm-mingw-20260421-ucrt-ubuntu-22.04-x86_64/bin/clang supports -fms-hotpatch -DMIN_CLANG_VERSION=18... no
checking whether /workspace/scratch/94ffb2b0bb2d/madeira-desktop-overlay-build/toolchains/llvm-mingw-20260421-ucrt-ubuntu-22.04-x86_64/bin/clang supports -flarge-source-files -Wmisleading-indentation... no
checking whether /workspace/scratch/94ffb2b0bb2d/madeira-desktop-overlay-build/toolchains/llvm-mingw-20260421-ucrt-ubuntu-22.04-x86_64/bin/clang supports -Wl,-debug:dwarf... yes
checking whether /workspace/scratch/94ffb2b0bb2d/madeira-desktop-overlay-build/toolchains/llvm-mingw-20260421-ucrt-ubuntu-22.04-x86_64/bin/clang supports -gdwarf-4... yes
checking for i386_set_ldt in -li386... no
checking for  option for large files... none needed
checking for  option for timestamps after 2038... none needed
checking for stdio.h... yes
checking for stdlib.h... yes
checking for string.h... yes
checking for inttypes.h... yes
checking for stdint.h... yes
checking for strings.h... yes
checking for sys/stat.h... yes
checking for sys/types.h... yes
checking for unistd.h... yes
checking for CL/cl.h... no
checking for OpenCL/opencl.h... no
checking for arpa/inet.h... yes
checking for arpa/nameser.h... yes
checking for asm/termbits.h... yes
checking for asm/types.h... yes
checking for asm/user.h... no
checking for bluetooth/bluetooth.h... no
checking for elf.h... yes
checking for gettext-po.h... no
checking for link.h... yes
checking for linux/cdrom.h... yes
checking for linux/filter.h... yes
checking for linux/fs.h... yes
checking for linux/hdreg.h... yes
checking for linux/hidraw.h... yes
checking for linux/input.h... yes
checking for linux/ioctl.h... yes
checking for linux/major.h... yes
checking for linux/memfd.h... yes
checking for linux/ntsync.h... yes
checking for linux/param.h... yes
checking for linux/serial.h... yes
checking for linux/types.h... yes
checking for linux/ucdrom.h... no
checking for linux/userfaultfd.h... yes
checking for linux/wireless.h... yes
checking for lwp.h... no
checking for mach-o/loader.h... no
checking for mach/mach.h... no
checking for machine/cpu.h... no
checking for machine/sysarch.h... no
checking for mntent.h... yes
checking for netdb.h... yes
checking for netinet/in.h... yes
checking for netinet/in_systm.h... yes
checking for netinet/tcp.h... yes
checking for netinet/tcp_fsm.h... no
checking for pcap/pcap.h... no
checking for port.h... no
checking for pwd.h... yes
checking for sched.h... yes
checking for scsi/scsi.h... yes
checking for scsi/scsi_ioctl.h... yes
checking for scsi/sg.h... yes
checking for sys/attr.h... no
checking for sys/auxv.h... yes
checking for sys/cdio.h... no
checking for sys/epoll.h... yes
checking for sys/event.h... no
checking for sys/extattr.h... no
checking for sys/filio.h... no
checking for sys/ipc.h... yes
checking for sys/link.h... no
checking for sys/modem.h... no
checking for sys/mtio.h... yes
checking for sys/param.h... yes
checking for sys/prctl.h... yes
checking for sys/ptrace.h... yes
checking for sys/queue.h... yes
checking for sys/random.h... yes
checking for sys/resource.h... yes
checking for sys/scsiio.h... no
checking for sys/shm.h... yes
checking for sys/signal.h... yes
checking for sys/socketvar.h... yes
checking for sys/sockio.h... no
checking for sys/statvfs.h... yes
checking for sys/strtio.h... no
checking for sys/syscall.h... yes
checking for sys/sysinfo.h... yes
checking for sys/times.h... yes
checking for sys/uio.h... yes
checking for sys/user.h... yes
checking for sys/utsname.h... yes
checking for sys/vnode.h... no
checking for sys/xattr.h... yes
checking for syscall.h... yes
checking for utime.h... yes
checking for valgrind/memcheck.h... no
checking for valgrind/valgrind.h... no
checking for sys/mkdev.h... no
checking for sys/sysmacros.h... yes
checking for sys/conf.h... no
checking for sys/mount.h... yes
checking for sys/statfs.h... yes
checking for sys/user.h... (cached) yes
checking for sys/vfs.h... yes
checking for sys/sysctl.h... no
checking for netinet/ip.h... yes
checking for net/if.h... yes
checking for net/if_arp.h... yes
checking for net/if_dl.h... no
checking for net/if_types.h... no
checking for net/route.h... yes
checking for netinet/if_ether.h... yes
checking for netinet/in_pcb.h... no
checking for netinet/ip_icmp.h... yes
checking for netinet/ip_var.h... no
checking for netinet/udp.h... yes
checking for netinet6/ip6_var.h... no
checking for netipx/ipx.h... yes
checking for sys/un.h... yes
checking for netinet/udp_var.h... no
checking for netinet/icmp_var.h... no
checking for netinet/icmp6.h... yes
checking for netinet/tcp_var.h... no
checking for linux/ipx.h... no
checking for linux/irda.h... no
checking for linux/rtnetlink.h... yes
checking for resolv.h... yes
checking for ifaddrs.h... yes
checking for sys/ucontext.h... yes
checking for sys/thr.h... no
checking for pthread_np.h... no
checking for linux/videodev2.h... yes
checking for libprocstat.h... no
checking for bluetooth/rfcomm.h... no
checking whether getxattr takes additional arguments... no
checking for ldd... /bin/ldd
checking for otool... no
checking for readelf... readelf
checking whether -Wl,-z,defs works correctly... yes
checking whether the compiler supports -Wl,--export-dynamic... yes
checking whether the compiler supports -static-pie... yes
checking for pthread_create... yes
checking for -lEGL... not found
checking how to run the C preprocessor... /usr/bin/cpp
checking for X... disabled
checking for SCardEstablishContext in -lpcsclite... no
checking for sys/inotify.h... yes
checking for inotify_add_watch in -linotify... no
checking for libusb.h... no
checking for -lv4l2... not found
checking for gphoto2-camera.h... no
checking for gphoto2-port.h... no
checking for resolver library... -lresolv
checking for res_getservers... no
checking for pthread_getthreadid_np... no
checking for snd_pcm_hw_params_get_access_mask in -lasound... no
checking for sys/soundcard.h... yes
checking for oss_sysinfo.numaudioengines... no
checking for libudev.h... no
checking for unw_step... no
checking for unw_step in libunwind... no
checking for SDL.h... no
checking for cups/cups.h... no
checking for cups/ppd.h... no
checking for krb5/krb5.h... yes
checking for -lkrb5... libkrb5.so.3
checking for gssapi/gssapi.h... yes
checking for gssapi/gssapi_ext.h... yes
checking for -lgssapi_krb5... libgssapi_krb5.so.2
checking for -lodbc... not found
checking whether the compiler supports -Werror=unknown-warning-option... no
checking whether the compiler supports -Werror=unused-command-line-argument... no
checking whether the compiler supports -Werror=ignored-optimization-argument... no
checking whether the compiler supports -fcf-protection=none... yes
checking whether the compiler supports -fvisibility=hidden... yes
checking whether the compiler supports -fno-stack-protector... yes
checking whether the compiler supports -fno-strict-aliasing... yes
checking whether the compiler supports -Wdeclaration-after-statement... yes
checking whether the compiler supports -Wempty-body... yes
checking whether the compiler supports -Wignored-qualifiers... yes
checking whether the compiler supports -Winit-self... yes
checking whether the compiler supports -Wlogical-op... yes
checking whether the compiler supports -Wpacked-not-aligned... yes
checking whether the compiler supports -Wpointer-arith... yes
checking whether the compiler supports -Wshift-overflow=2... yes
checking whether the compiler supports -Wstrict-prototypes... yes
checking whether the compiler supports -Wtype-limits... yes
checking whether the compiler supports -Wunused-but-set-parameter... yes
checking whether the compiler supports -Wvla... yes
checking whether the compiler supports -Wwrite-strings... yes
checking whether the compiler supports -flarge-source-files -Wmisleading-indentation... yes
checking for flags needed for 64-bit compare-and-swap support... none needed
checking whether the compiler supports -mlong-double-64... yes
checking whether the compiler supports -fno-builtin... yes
checking whether the compiler supports -fshort-wchar... yes
checking whether the compiler supports -Wno-format... yes
checking for working -mabi=ms... yes
checking for the need to disable Fortify... no
checking whether CFI directives are supported in assembly code... yes
checking for library containing dlopen... none required
checking for dladdr1... yes
checking for dlinfo... yes
checking for epoll_create... yes
checking for epoll_pwait2... yes
checking for fstatfs... yes
checking for futimens... yes
checking for futimes... yes
checking for futimesat... yes
checking for getaddrinfo... yes
checking for getattrlist... no
checking for getauxval... yes
checking for getifaddrs... yes
checking for getrandom... yes
checking for kqueue... no
checking for memfd_create... yes
checking for pipe2... yes
checking for port_create... no
checking for posix_fadvise... yes
checking for posix_fallocate... yes
checking for prctl... yes
checking for process_vm_readv... yes
checking for process_vm_writev... yes
checking for sched_getcpu... yes
checking for sched_yield... yes
checking for setproctitle... no
checking for setprogname... no
checking for sigprocmask... yes
checking for sysinfo... yes
checking for tcdrain... yes
checking for thr_kill2... no
checking for library containing clock_gettime... none required
checking for sched_setaffinity... yes
checking whether we can use re-entrant gethostbyname_r Linux style... yes
checking for struct sockaddr_un.sun_len... no
checking for sg_io_hdr_t.interface_id... yes
checking for siginfo_t.si_fd... yes
checking for struct mtget.mt_blksiz... no
checking for struct mtget.mt_gstat... yes
checking for struct mtget.mt_blkno... yes
checking for struct stat.st_mtim... yes
checking for struct stat.st_mtimespec... no
checking for struct stat.st_ctim... yes
checking for struct stat.st_ctimespec... no
checking for struct stat.st_atim... yes
checking for struct stat.st_atimespec... no
checking for struct stat.st_birthtime... no
checking for struct stat.st_birthtim... no
checking for struct stat.st_birthtimespec... no
checking for struct stat.__st_birthtime... no
checking for struct stat.__st_birthtim... no
checking for struct sockaddr_in6.sin6_scope_id... yes
checking for struct __res_state._u._ext.nscount6... yes
checking for struct in6_pktinfo.ipi6_addr... yes
checking for struct ipstat.ips_total... no
checking for struct ip_stats.ips_total... no
checking for struct ip6stat.ip6s_total... no
checking for struct icmpstat.icps_error... no
checking for struct icmp6stat.icp6s_error... no
checking for struct tcpstat.tcps_connattempt... no
checking for struct tcp_stats.tcps_connattempt... no
checking for struct udpstat.udps_ipackets... no
checking for struct ifreq.ifr_hwaddr... yes
checking for struct sysinfo.totalram... yes
checking for struct sysinfo.mem_unit... yes
checking for __builtin_popcount... yes
checking for __clear_cache... yes
checking whether we need to define __x86_64__... no
creating Makefile rules... done
configure: creating ./config.status
config.status: creating include/config.h
config.status: executing include/stamp-h commands
config.status: executing tools/makedep commands
config.status: executing Makefile commands

configure: EGL 64-bit development files not found
configure: Wayland 64-bit development files not found, the Wayland driver won't be supported.
configure: OpenCL 64-bit development files not found, OpenCL won't be supported.
configure: pcap 64-bit development files not found, wpcap won't be supported.
configure: libpcsclite not found, smart cards won't be supported.
configure: libdbus 64-bit development files not found, no dynamic device support.
configure: libsane 64-bit development files not found, scanners won't be supported.
configure: libusb-1.0 64-bit development files not found (or too old), USB devices won't be supported.
configure: libv4l2 64-bit development files not found.
configure: libgphoto2 64-bit development files not found, digital cameras won't be supported.
configure: libgphoto2_port 64-bit development files not found, digital cameras won't be auto-detected.
configure: libpulse 64-bit development files not found or too old, Pulse won't be supported.
configure: FFmpeg 64-bit development files not found.
configure: libasound 64-bit development files not found, Alsa won't be supported.
configure: OSS sound system found but too old (OSSv4 needed), OSS won't be supported.
configure: libudev 64-bit development files not found, plug and play won't be supported.
configure: libSDL2 64-bit development files not found, SDL2 won't be supported.
configure: libcapi20 64-bit development files not found, ISDN won't be supported.
configure: libcups 64-bit development files not found, CUPS won't be supported.
configure: fontconfig 64-bit development files not found, fontconfig won't be supported.
configure: libnetapi not found, Samba NetAPI won't be supported.

configure: WARNING: gettext tools not found (or too old), translations won't be built.

configure: WARNING: No sound system was found. Windows applications will be silent.

configure: Finished.  Do '/usr/bin/make' to compile Wine.

/workspace/scratch/94ffb2b0bb2d/madeira-desktop-overlay-build/prerequisite-bin/bison -o tools/widl/parser.tab.$$.c --defines=tools/widl/parser.tab.h /workspace/scratch/94ffb2b0bb2d/madeira-msi-patched-provider-build-20261005/wine/tools/widl/parser.y && rm -f tools/widl/parser.tab.$$.c
/usr/bin/cc -m64 -c -o tools/widl/client.o /workspace/scratch/94ffb2b0bb2d/madeira-msi-patched-provider-build-20261005/wine/tools/widl/client.c \
  -Itools/widl \
  -I/workspace/scratch/94ffb2b0bb2d/madeira-msi-patched-provider-build-20261005/wine/tools/widl \
  -I/workspace/scratch/94ffb2b0bb2d/madeira-msi-patched-provider-build-20261005/wine/tools/wrc \
  -Iinclude \
  -I/workspace/scratch/94ffb2b0bb2d/madeira-msi-patched-provider-build-20261005/wine/include \
  -D__WINESRC__ -DWINE_UNIX_LIB -Wall -pipe -fcf-protection=none -fvisibility=hidden \
  -fno-stack-protector -fno-strict-aliasing -Wdeclaration-after-statement -Wempty-body \
  -Wignored-qualifiers -Winit-self -Wlogical-op -Wno-packed-not-aligned -Wpointer-arith \
  -Wshift-overflow=2 -Wstrict-prototypes -Wtype-limits -Wunused-but-set-parameter -Wvla \
  -Wwrite-strings -Wno-misleading-indentation -O2
/usr/bin/cc -m64 -c -o tools/widl/expr.o /workspace/scratch/94ffb2b0bb2d/madeira-msi-patched-provider-build-20261005/wine/tools/widl/expr.c \
  -Itools/widl \
  -I/workspace/scratch/94ffb2b0bb2d/madeira-msi-patched-provider-build-20261005/wine/tools/widl \
  -I/workspace/scratch/94ffb2b0bb2d/madeira-msi-patched-provider-build-20261005/wine/tools/wrc \
  -Iinclude \
  -I/workspace/scratch/94ffb2b0bb2d/madeira-msi-patched-provider-build-20261005/wine/include \
  -D__WINESRC__ -DWINE_UNIX_LIB -Wall -pipe -fcf-protection=none -fvisibility=hidden \
  -fno-stack-protector -fno-strict-aliasing -Wdeclaration-after-statement -Wempty-body \
  -Wignored-qualifiers -Winit-self -Wlogical-op -Wno-packed-not-aligned -Wpointer-arith \
  -Wshift-overflow=2 -Wstrict-prototypes -Wtype-limits -Wunused-but-set-parameter -Wvla \
  -Wwrite-strings -Wno-misleading-indentation -O2
/usr/bin/cc -m64 -c -o tools/widl/hash.o /workspace/scratch/94ffb2b0bb2d/madeira-msi-patched-provider-build-20261005/wine/tools/widl/hash.c \
  -Itools/widl \
  -I/workspace/scratch/94ffb2b0bb2d/madeira-msi-patched-provider-build-20261005/wine/tools/widl \
  -I/workspace/scratch/94ffb2b0bb2d/madeira-msi-patched-provider-build-20261005/wine/tools/wrc \
  -Iinclude \
  -I/workspace/scratch/94ffb2b0bb2d/madeira-msi-patched-provider-build-20261005/wine/include \
  -D__WINESRC__ -DWINE_UNIX_LIB -Wall -pipe -fcf-protection=none -fvisibility=hidden \
  -fno-stack-protector -fno-strict-aliasing -Wdeclaration-after-statement -Wempty-body \
  -Wignored-qualifiers -Winit-self -Wlogical-op -Wno-packed-not-aligned -Wpointer-arith \
  -Wshift-overflow=2 -Wstrict-prototypes -Wtype-limits -Wunused-but-set-parameter -Wvla \
  -Wwrite-strings -Wno-misleading-indentation -O2
/usr/bin/cc -m64 -c -o tools/widl/header.o /workspace/scratch/94ffb2b0bb2d/madeira-msi-patched-provider-build-20261005/wine/tools/widl/header.c \
  -Itools/widl \
  -I/workspace/scratch/94ffb2b0bb2d/madeira-msi-patched-provider-build-20261005/wine/tools/widl \
  -I/workspace/scratch/94ffb2b0bb2d/madeira-msi-patched-provider-build-20261005/wine/tools/wrc \
  -Iinclude \
  -I/workspace/scratch/94ffb2b0bb2d/madeira-msi-patched-provider-build-20261005/wine/include \
  -D__WINESRC__ -DWINE_UNIX_LIB -Wall -pipe -fcf-protection=none -fvisibility=hidden \
  -fno-stack-protector -fno-strict-aliasing -Wdeclaration-after-statement -Wempty-body \
  -Wignored-qualifiers -Winit-self -Wlogical-op -Wno-packed-not-aligned -Wpointer-arith \
  -Wshift-overflow=2 -Wstrict-prototypes -Wtype-limits -Wunused-but-set-parameter -Wvla \
  -Wwrite-strings -Wno-misleading-indentation -O2
/usr/bin/cc -m64 -c -o tools/widl/metadata.o /workspace/scratch/94ffb2b0bb2d/madeira-msi-patched-provider-build-20261005/wine/tools/widl/metadata.c \
  -Itools/widl \
  -I/workspace/scratch/94ffb2b0bb2d/madeira-msi-patched-provider-build-20261005/wine/tools/widl \
  -I/workspace/scratch/94ffb2b0bb2d/madeira-msi-patched-provider-build-20261005/wine/tools/wrc \
  -Iinclude \
  -I/workspace/scratch/94ffb2b0bb2d/madeira-msi-patched-provider-build-20261005/wine/include \
  -D__WINESRC__ -DWINE_UNIX_LIB -Wall -pipe -fcf-protection=none -fvisibility=hidden \
  -fno-stack-protector -fno-strict-aliasing -Wdeclaration-after-statement -Wempty-body \
  -Wignored-qualifiers -Winit-self -Wlogical-op -Wno-packed-not-aligned -Wpointer-arith \
  -Wshift-overflow=2 -Wstrict-prototypes -Wtype-limits -Wunused-but-set-parameter -Wvla \
  -Wwrite-strings -Wno-misleading-indentation -O2
/usr/bin/cc -m64 -c -o tools/widl/proxy.o /workspace/scratch/94ffb2b0bb2d/madeira-msi-patched-provider-build-20261005/wine/tools/widl/proxy.c \
  -Itools/widl \
  -I/workspace/scratch/94ffb2b0bb2d/madeira-msi-patched-provider-build-20261005/wine/tools/widl \
  -I/workspace/scratch/94ffb2b0bb2d/madeira-msi-patched-provider-build-20261005/wine/tools/wrc \
  -Iinclude \
  -I/workspace/scratch/94ffb2b0bb2d/madeira-msi-patched-provider-build-20261005/wine/include \
  -D__WINESRC__ -DWINE_UNIX_LIB -Wall -pipe -fcf-protection=none -fvisibility=hidden \
  -fno-stack-protector -fno-strict-aliasing -Wdeclaration-after-statement -Wempty-body \
  -Wignored-qualifiers -Winit-self -Wlogical-op -Wno-packed-not-aligned -Wpointer-arith \
  -Wshift-overflow=2 -Wstrict-prototypes -Wtype-limits -Wunused-but-set-parameter -Wvla \
  -Wwrite-strings -Wno-misleading-indentation -O2
/usr/bin/cc -m64 -c -o tools/widl/register.o /workspace/scratch/94ffb2b0bb2d/madeira-msi-patched-provider-build-20261005/wine/tools/widl/register.c \
  -Itools/widl \
  -I/workspace/scratch/94ffb2b0bb2d/madeira-msi-patched-provider-build-20261005/wine/tools/widl \
  -I/workspace/scratch/94ffb2b0bb2d/madeira-msi-patched-provider-build-20261005/wine/tools/wrc \
  -Iinclude \
  -I/workspace/scratch/94ffb2b0bb2d/madeira-msi-patched-provider-build-20261005/wine/include \
  -D__WINESRC__ -DWINE_UNIX_LIB -Wall -pipe -fcf-protection=none -fvisibility=hidden \
  -fno-stack-protector -fno-strict-aliasing -Wdeclaration-after-statement -Wempty-body \
  -Wignored-qualifiers -Winit-self -Wlogical-op -Wno-packed-not-aligned -Wpointer-arith \
  -Wshift-overflow=2 -Wstrict-prototypes -Wtype-limits -Wunused-but-set-parameter -Wvla \
  -Wwrite-strings -Wno-misleading-indentation -O2
/usr/bin/cc -m64 -c -o tools/widl/server.o /workspace/scratch/94ffb2b0bb2d/madeira-msi-patched-provider-build-20261005/wine/tools/widl/server.c \
  -Itools/widl \
  -I/workspace/scratch/94ffb2b0bb2d/madeira-msi-patched-provider-build-20261005/wine/tools/widl \
  -I/workspace/scratch/94ffb2b0bb2d/madeira-msi-patched-provider-build-20261005/wine/tools/wrc \
  -Iinclude \
  -I/workspace/scratch/94ffb2b0bb2d/madeira-msi-patched-provider-build-20261005/wine/include \
  -D__WINESRC__ -DWINE_UNIX_LIB -Wall -pipe -fcf-protection=none -fvisibility=hidden \
  -fno-stack-protector -fno-strict-aliasing -Wdeclaration-after-statement -Wempty-body \
  -Wignored-qualifiers -Winit-self -Wlogical-op -Wno-packed-not-aligned -Wpointer-arith \
  -Wshift-overflow=2 -Wstrict-prototypes -Wtype-limits -Wunused-but-set-parameter -Wvla \
  -Wwrite-strings -Wno-misleading-indentation -O2
/usr/bin/cc -m64 -c -o tools/widl/typegen.o /workspace/scratch/94ffb2b0bb2d/madeira-msi-patched-provider-build-20261005/wine/tools/widl/typegen.c \
  -Itools/widl \
  -I/workspace/scratch/94ffb2b0bb2d/madeira-msi-patched-provider-build-20261005/wine/tools/widl \
  -I/workspace/scratch/94ffb2b0bb2d/madeira-msi-patched-provider-build-20261005/wine/tools/wrc \
  -Iinclude \
  -I/workspace/scratch/94ffb2b0bb2d/madeira-msi-patched-provider-build-20261005/wine/include \
  -D__WINESRC__ -DWINE_UNIX_LIB -Wall -pipe -fcf-protection=none -fvisibility=hidden \
  -fno-stack-protector -fno-strict-aliasing -Wdeclaration-after-statement -Wempty-body \
  -Wignored-qualifiers -Winit-self -Wlogical-op -Wno-packed-not-aligned -Wpointer-arith \
  -Wshift-overflow=2 -Wstrict-prototypes -Wtype-limits -Wunused-but-set-parameter -Wvla \
  -Wwrite-strings -Wno-misleading-indentation -O2
/usr/bin/cc -m64 -c -o tools/widl/typelib.o /workspace/scratch/94ffb2b0bb2d/madeira-msi-patched-provider-build-20261005/wine/tools/widl/typelib.c \
  -Itools/widl \
  -I/workspace/scratch/94ffb2b0bb2d/madeira-msi-patched-provider-build-20261005/wine/tools/widl \
  -I/workspace/scratch/94ffb2b0bb2d/madeira-msi-patched-provider-build-20261005/wine/tools/wrc \
  -Iinclude \
  -I/workspace/scratch/94ffb2b0bb2d/madeira-msi-patched-provider-build-20261005/wine/include \
  -D__WINESRC__ -DWINE_UNIX_LIB -Wall -pipe -fcf-protection=none -fvisibility=hidden \
  -fno-stack-protector -fno-strict-aliasing -Wdeclaration-after-statement -Wempty-body \
  -Wignored-qualifiers -Winit-self -Wlogical-op -Wno-packed-not-aligned -Wpointer-arith \
  -Wshift-overflow=2 -Wstrict-prototypes -Wtype-limits -Wunused-but-set-parameter -Wvla \
  -Wwrite-strings -Wno-misleading-indentation -O2
/usr/bin/cc -m64 -c -o tools/widl/typetree.o /workspace/scratch/94ffb2b0bb2d/madeira-msi-patched-provider-build-20261005/wine/tools/widl/typetree.c \
  -Itools/widl \
  -I/workspace/scratch/94ffb2b0bb2d/madeira-msi-patched-provider-build-20261005/wine/tools/widl \
  -I/workspace/scratch/94ffb2b0bb2d/madeira-msi-patched-provider-build-20261005/wine/tools/wrc \
  -Iinclude \
  -I/workspace/scratch/94ffb2b0bb2d/madeira-msi-patched-provider-build-20261005/wine/include \
  -D__WINESRC__ -DWINE_UNIX_LIB -Wall -pipe -fcf-protection=none -fvisibility=hidden \
  -fno-stack-protector -fno-strict-aliasing -Wdeclaration-after-statement -Wempty-body \
  -Wignored-qualifiers -Winit-self -Wlogical-op -Wno-packed-not-aligned -Wpointer-arith \
  -Wshift-overflow=2 -Wstrict-prototypes -Wtype-limits -Wunused-but-set-parameter -Wvla \
  -Wwrite-strings -Wno-misleading-indentation -O2
/usr/bin/cc -m64 -c -o tools/widl/utils.o /workspace/scratch/94ffb2b0bb2d/madeira-msi-patched-provider-build-20261005/wine/tools/widl/utils.c \
  -Itools/widl \
  -I/workspace/scratch/94ffb2b0bb2d/madeira-msi-patched-provider-build-20261005/wine/tools/widl \
  -I/workspace/scratch/94ffb2b0bb2d/madeira-msi-patched-provider-build-20261005/wine/tools/wrc \
  -Iinclude \
  -I/workspace/scratch/94ffb2b0bb2d/madeira-msi-patched-provider-build-20261005/wine/include \
  -D__WINESRC__ -DWINE_UNIX_LIB -Wall -pipe -fcf-protection=none -fvisibility=hidden \
  -fno-stack-protector -fno-strict-aliasing -Wdeclaration-after-statement -Wempty-body \
  -Wignored-qualifiers -Winit-self -Wlogical-op -Wno-packed-not-aligned -Wpointer-arith \
  -Wshift-overflow=2 -Wstrict-prototypes -Wtype-limits -Wunused-but-set-parameter -Wvla \
  -Wwrite-strings -Wno-misleading-indentation -O2
/usr/bin/cc -m64 -c -o tools/widl/widl.o /workspace/scratch/94ffb2b0bb2d/madeira-msi-patched-provider-build-20261005/wine/tools/widl/widl.c \
  -Itools/widl \
  -I/workspace/scratch/94ffb2b0bb2d/madeira-msi-patched-provider-build-20261005/wine/tools/widl \
  -I/workspace/scratch/94ffb2b0bb2d/madeira-msi-patched-provider-build-20261005/wine/tools/wrc \
  -Iinclude \
  -I/workspace/scratch/94ffb2b0bb2d/madeira-msi-patched-provider-build-20261005/wine/include \
  -D__WINESRC__ -DINCLUDEDIR="\"/usr/local/include\"" -DBINDIR="\"/usr/local/bin\"" -DLIBDIR="\"/usr/local/lib\"" \
  -DWINE_UNIX_LIB -Wall -pipe -fcf-protection=none -fvisibility=hidden -fno-stack-protector \
  -fno-strict-aliasing -Wdeclaration-after-statement -Wempty-body -Wignored-qualifiers -Winit-self \
  -Wlogical-op -Wno-packed-not-aligned -Wpointer-arith -Wshift-overflow=2 -Wstrict-prototypes \
  -Wtype-limits -Wunused-but-set-parameter -Wvla -Wwrite-strings -Wno-misleading-indentation \
  -O2
/usr/bin/cc -m64 -c -o tools/widl/wpp.o /workspace/scratch/94ffb2b0bb2d/madeira-msi-patched-provider-build-20261005/wine/tools/wrc/wpp.c \
  -Itools/widl \
  -I/workspace/scratch/94ffb2b0bb2d/madeira-msi-patched-provider-build-20261005/wine/tools/widl \
  -I/workspace/scratch/94ffb2b0bb2d/madeira-msi-patched-provider-build-20261005/wine/tools/wrc \
  -Iinclude \
  -I/workspace/scratch/94ffb2b0bb2d/madeira-msi-patched-provider-build-20261005/wine/include \
  -D__WINESRC__ -DWINE_UNIX_LIB -Wall -pipe -fcf-protection=none -fvisibility=hidden \
  -fno-stack-protector -fno-strict-aliasing -Wdeclaration-after-statement -Wempty-body \
  -Wignored-qualifiers -Winit-self -Wlogical-op -Wno-packed-not-aligned -Wpointer-arith \
  -Wshift-overflow=2 -Wstrict-prototypes -Wtype-limits -Wunused-but-set-parameter -Wvla \
  -Wwrite-strings -Wno-misleading-indentation -O2
/usr/bin/cc -m64 -c -o tools/widl/write_msft.o /workspace/scratch/94ffb2b0bb2d/madeira-msi-patched-provider-build-20261005/wine/tools/widl/write_msft.c \
  -Itools/widl \
  -I/workspace/scratch/94ffb2b0bb2d/madeira-msi-patched-provider-build-20261005/wine/tools/widl \
  -I/workspace/scratch/94ffb2b0bb2d/madeira-msi-patched-provider-build-20261005/wine/tools/wrc \
  -Iinclude \
  -I/workspace/scratch/94ffb2b0bb2d/madeira-msi-patched-provider-build-20261005/wine/include \
  -D__WINESRC__ -DWINE_UNIX_LIB -Wall -pipe -fcf-protection=none -fvisibility=hidden \
  -fno-stack-protector -fno-strict-aliasing -Wdeclaration-after-statement -Wempty-body \
  -Wignored-qualifiers -Winit-self -Wlogical-op -Wno-packed-not-aligned -Wpointer-arith \
  -Wshift-overflow=2 -Wstrict-prototypes -Wtype-limits -Wunused-but-set-parameter -Wvla \
  -Wwrite-strings -Wno-misleading-indentation -O2
/usr/bin/cc -m64 -c -o tools/widl/write_sltg.o /workspace/scratch/94ffb2b0bb2d/madeira-msi-patched-provider-build-20261005/wine/tools/widl/write_sltg.c \
  -Itools/widl \
  -I/workspace/scratch/94ffb2b0bb2d/madeira-msi-patched-provider-build-20261005/wine/tools/widl \
  -I/workspace/scratch/94ffb2b0bb2d/madeira-msi-patched-provider-build-20261005/wine/tools/wrc \
  -Iinclude \
  -I/workspace/scratch/94ffb2b0bb2d/madeira-msi-patched-provider-build-20261005/wine/include \
  -D__WINESRC__ -DWINE_UNIX_LIB -Wall -pipe -fcf-protection=none -fvisibility=hidden \
  -fno-stack-protector -fno-strict-aliasing -Wdeclaration-after-statement -Wempty-body \
  -Wignored-qualifiers -Winit-self -Wlogical-op -Wno-packed-not-aligned -Wpointer-arith \
  -Wshift-overflow=2 -Wstrict-prototypes -Wtype-limits -Wunused-but-set-parameter -Wvla \
  -Wwrite-strings -Wno-misleading-indentation -O2
/workspace/scratch/94ffb2b0bb2d/madeira-desktop-overlay-build/prerequisites/usr/bin/flex -otools/widl/parser.yy.c /workspace/scratch/94ffb2b0bb2d/madeira-msi-patched-provider-build-20261005/wine/tools/widl/parser.l
/workspace/scratch/94ffb2b0bb2d/madeira-desktop-overlay-build/prerequisite-bin/bison -o tools/widl/parser.tab.c /workspace/scratch/94ffb2b0bb2d/madeira-msi-patched-provider-build-20261005/wine/tools/widl/parser.y
/workspace/scratch/94ffb2b0bb2d/madeira-desktop-overlay-build/prerequisites/usr/bin/flex -otools/widl/ppl.yy.c /workspace/scratch/94ffb2b0bb2d/madeira-msi-patched-provider-build-20261005/wine/tools/wrc/ppl.l
/workspace/scratch/94ffb2b0bb2d/madeira-desktop-overlay-build/prerequisite-bin/bison -o tools/widl/ppy.tab.$$.c --defines=tools/widl/ppy.tab.h /workspace/scratch/94ffb2b0bb2d/madeira-msi-patched-provider-build-20261005/wine/tools/wrc/ppy.y && rm -f tools/widl/ppy.tab.$$.c
/workspace/scratch/94ffb2b0bb2d/madeira-desktop-overlay-build/prerequisite-bin/bison -o tools/widl/ppy.tab.c /workspace/scratch/94ffb2b0bb2d/madeira-msi-patched-provider-build-20261005/wine/tools/wrc/ppy.y
/workspace/scratch/94ffb2b0bb2d/madeira-desktop-overlay-build/prerequisite-bin/bison -o dlls/msi/sql.tab.$$.c --defines=dlls/msi/sql.tab.h /workspace/scratch/94ffb2b0bb2d/madeira-msi-patched-provider-build-20261005/wine/dlls/msi/sql.y && rm -f dlls/msi/sql.tab.$$.c
/workspace/scratch/94ffb2b0bb2d/madeira-msi-patched-provider-build-20261005/wine/dlls/msi/sql.y: warning: 1 reduce/reduce conflict [-Wconflicts-rr]
/workspace/scratch/94ffb2b0bb2d/madeira-msi-patched-provider-build-20261005/wine/dlls/msi/sql.y: note: rerun with option '-Wcounterexamples' to generate conflict counterexamples
/workspace/scratch/94ffb2b0bb2d/madeira-desktop-overlay-build/prerequisite-bin/bison -o dlls/msi/cond.tab.c /workspace/scratch/94ffb2b0bb2d/madeira-msi-patched-provider-build-20261005/wine/dlls/msi/cond.y
/workspace/scratch/94ffb2b0bb2d/madeira-desktop-overlay-build/prerequisite-bin/bison -o dlls/msi/sql.tab.c /workspace/scratch/94ffb2b0bb2d/madeira-msi-patched-provider-build-20261005/wine/dlls/msi/sql.y
/workspace/scratch/94ffb2b0bb2d/madeira-msi-patched-provider-build-20261005/wine/dlls/msi/sql.y: warning: 1 reduce/reduce conflict [-Wconflicts-rr]
/workspace/scratch/94ffb2b0bb2d/madeira-msi-patched-provider-build-20261005/wine/dlls/msi/sql.y: note: rerun with option '-Wcounterexamples' to generate conflict counterexamples
/usr/bin/cc -m64 -c -o tools/wrc/genres.o /workspace/scratch/94ffb2b0bb2d/madeira-msi-patched-provider-build-20261005/wine/tools/wrc/genres.c \
  -Itools/wrc \
  -I/workspace/scratch/94ffb2b0bb2d/madeira-msi-patched-provider-build-20261005/wine/tools/wrc \
  -Iinclude \
  -I/workspace/scratch/94ffb2b0bb2d/madeira-msi-patched-provider-build-20261005/wine/include \
  -D__WINESRC__ -DWINE_UNIX_LIB -Wall -pipe -fcf-protection=none -fvisibility=hidden \
  -fno-stack-protector -fno-strict-aliasing -Wdeclaration-after-statement -Wempty-body \
  -Wignored-qualifiers -Winit-self -Wlogical-op -Wno-packed-not-aligned -Wpointer-arith \
  -Wshift-overflow=2 -Wstrict-prototypes -Wtype-limits -Wunused-but-set-parameter -Wvla \
  -Wwrite-strings -Wno-misleading-indentation -O2
/usr/bin/cc -m64 -c -o tools/wrc/newstruc.o /workspace/scratch/94ffb2b0bb2d/madeira-msi-patched-provider-build-20261005/wine/tools/wrc/newstruc.c \
  -Itools/wrc \
  -I/workspace/scratch/94ffb2b0bb2d/madeira-msi-patched-provider-build-20261005/wine/tools/wrc \
  -Iinclude \
  -I/workspace/scratch/94ffb2b0bb2d/madeira-msi-patched-provider-build-20261005/wine/include \
  -D__WINESRC__ -DWINE_UNIX_LIB -Wall -pipe -fcf-protection=none -fvisibility=hidden \
  -fno-stack-protector -fno-strict-aliasing -Wdeclaration-after-statement -Wempty-body \
  -Wignored-qualifiers -Winit-self -Wlogical-op -Wno-packed-not-aligned -Wpointer-arith \
  -Wshift-overflow=2 -Wstrict-prototypes -Wtype-limits -Wunused-but-set-parameter -Wvla \
  -Wwrite-strings -Wno-misleading-indentation -O2
/usr/bin/cc -m64 -c -o tools/wrc/po.o /workspace/scratch/94ffb2b0bb2d/madeira-msi-patched-provider-build-20261005/wine/tools/wrc/po.c \
  -Itools/wrc \
  -I/workspace/scratch/94ffb2b0bb2d/madeira-msi-patched-provider-build-20261005/wine/tools/wrc \
  -Iinclude \
  -I/workspace/scratch/94ffb2b0bb2d/madeira-msi-patched-provider-build-20261005/wine/include \
  -D__WINESRC__ -DWINE_UNIX_LIB -Wall -pipe -fcf-protection=none -fvisibility=hidden \
  -fno-stack-protector -fno-strict-aliasing -Wdeclaration-after-statement -Wempty-body \
  -Wignored-qualifiers -Winit-self -Wlogical-op -Wno-packed-not-aligned -Wpointer-arith \
  -Wshift-overflow=2 -Wstrict-prototypes -Wtype-limits -Wunused-but-set-parameter -Wvla \
  -Wwrite-strings -Wno-misleading-indentation -O2
/usr/bin/cc -m64 -c -o tools/wrc/utils.o /workspace/scratch/94ffb2b0bb2d/madeira-msi-patched-provider-build-20261005/wine/tools/wrc/utils.c \
  -Itools/wrc \
  -I/workspace/scratch/94ffb2b0bb2d/madeira-msi-patched-provider-build-20261005/wine/tools/wrc \
  -Iinclude \
  -I/workspace/scratch/94ffb2b0bb2d/madeira-msi-patched-provider-build-20261005/wine/include \
  -D__WINESRC__ -DWINE_UNIX_LIB -Wall -pipe -fcf-protection=none -fvisibility=hidden \
  -fno-stack-protector -fno-strict-aliasing -Wdeclaration-after-statement -Wempty-body \
  -Wignored-qualifiers -Winit-self -Wlogical-op -Wno-packed-not-aligned -Wpointer-arith \
  -Wshift-overflow=2 -Wstrict-prototypes -Wtype-limits -Wunused-but-set-parameter -Wvla \
  -Wwrite-strings -Wno-misleading-indentation -O2
/usr/bin/cc -m64 -c -o tools/wrc/wpp.o /workspace/scratch/94ffb2b0bb2d/madeira-msi-patched-provider-build-20261005/wine/tools/wrc/wpp.c \
  -Itools/wrc \
  -I/workspace/scratch/94ffb2b0bb2d/madeira-msi-patched-provider-build-20261005/wine/tools/wrc \
  -Iinclude \
  -I/workspace/scratch/94ffb2b0bb2d/madeira-msi-patched-provider-build-20261005/wine/include \
  -D__WINESRC__ -DWINE_UNIX_LIB -Wall -pipe -fcf-protection=none -fvisibility=hidden \
  -fno-stack-protector -fno-strict-aliasing -Wdeclaration-after-statement -Wempty-body \
  -Wignored-qualifiers -Winit-self -Wlogical-op -Wno-packed-not-aligned -Wpointer-arith \
  -Wshift-overflow=2 -Wstrict-prototypes -Wtype-limits -Wunused-but-set-parameter -Wvla \
  -Wwrite-strings -Wno-misleading-indentation -O2
/usr/bin/cc -m64 -c -o tools/wrc/wrc.o /workspace/scratch/94ffb2b0bb2d/madeira-msi-patched-provider-build-20261005/wine/tools/wrc/wrc.c \
  -Itools/wrc \
  -I/workspace/scratch/94ffb2b0bb2d/madeira-msi-patched-provider-build-20261005/wine/tools/wrc \
  -Iinclude \
  -I/workspace/scratch/94ffb2b0bb2d/madeira-msi-patched-provider-build-20261005/wine/include \
  -D__WINESRC__ -DBINDIR="\"/usr/local/bin\"" -DDATADIR="\"/usr/local/share\"" -DINCLUDEDIR="\"/usr/local/include\"" \
  -DWINE_UNIX_LIB -Wall -pipe -fcf-protection=none -fvisibility=hidden -fno-stack-protector \
  -fno-strict-aliasing -Wdeclaration-after-statement -Wempty-body -Wignored-qualifiers -Winit-self \
  -Wlogical-op -Wno-packed-not-aligned -Wpointer-arith -Wshift-overflow=2 -Wstrict-prototypes \
  -Wtype-limits -Wunused-but-set-parameter -Wvla -Wwrite-strings -Wno-misleading-indentation \
  -O2
/workspace/scratch/94ffb2b0bb2d/madeira-desktop-overlay-build/prerequisites/usr/bin/flex -otools/wrc/parser.yy.c /workspace/scratch/94ffb2b0bb2d/madeira-msi-patched-provider-build-20261005/wine/tools/wrc/parser.l
/workspace/scratch/94ffb2b0bb2d/madeira-desktop-overlay-build/prerequisite-bin/bison -o tools/wrc/parser.tab.$$.c --defines=tools/wrc/parser.tab.h /workspace/scratch/94ffb2b0bb2d/madeira-msi-patched-provider-build-20261005/wine/tools/wrc/parser.y && rm -f tools/wrc/parser.tab.$$.c
/workspace/scratch/94ffb2b0bb2d/madeira-msi-patched-provider-build-20261005/wine/tools/wrc/parser.y: warning: 5 shift/reduce conflicts [-Wconflicts-sr]
/workspace/scratch/94ffb2b0bb2d/madeira-msi-patched-provider-build-20261005/wine/tools/wrc/parser.y: note: rerun with option '-Wcounterexamples' to generate conflict counterexamples
/workspace/scratch/94ffb2b0bb2d/madeira-desktop-overlay-build/prerequisite-bin/bison -o tools/wrc/parser.tab.c /workspace/scratch/94ffb2b0bb2d/madeira-msi-patched-provider-build-20261005/wine/tools/wrc/parser.y
/workspace/scratch/94ffb2b0bb2d/madeira-msi-patched-provider-build-20261005/wine/tools/wrc/parser.y: warning: 5 shift/reduce conflicts [-Wconflicts-sr]
/workspace/scratch/94ffb2b0bb2d/madeira-msi-patched-provider-build-20261005/wine/tools/wrc/parser.y: note: rerun with option '-Wcounterexamples' to generate conflict counterexamples
/workspace/scratch/94ffb2b0bb2d/madeira-desktop-overlay-build/prerequisites/usr/bin/flex -otools/wrc/ppl.yy.c /workspace/scratch/94ffb2b0bb2d/madeira-msi-patched-provider-build-20261005/wine/tools/wrc/ppl.l
/workspace/scratch/94ffb2b0bb2d/madeira-desktop-overlay-build/prerequisite-bin/bison -o tools/wrc/ppy.tab.$$.c --defines=tools/wrc/ppy.tab.h /workspace/scratch/94ffb2b0bb2d/madeira-msi-patched-provider-build-20261005/wine/tools/wrc/ppy.y && rm -f tools/wrc/ppy.tab.$$.c
/workspace/scratch/94ffb2b0bb2d/madeira-desktop-overlay-build/prerequisite-bin/bison -o tools/wrc/ppy.tab.c /workspace/scratch/94ffb2b0bb2d/madeira-msi-patched-provider-build-20261005/wine/tools/wrc/ppy.y
rm -f nls/locale.nls && ln -s /workspace/scratch/94ffb2b0bb2d/madeira-msi-patched-provider-build-20261005/wine/nls/locale.nls nls/locale.nls
LC_ALL=C sed -e 's,@bindir@,/usr/local/bin,g' -e 's,@PACKAGE_STRING@,Wine 11.4,g' -e 's,@PACKAGE_VERSION@,11.4,g' /workspace/scratch/94ffb2b0bb2d/madeira-msi-patched-provider-build-20261005/wine/include/ntverp.h.in >include/ntverp.h || (rm -f include/ntverp.h && false)
/usr/bin/cc -m64 -c -o tools/winebuild/import.o /workspace/scratch/94ffb2b0bb2d/madeira-msi-patched-provider-build-20261005/wine/tools/winebuild/import.c \
  -Itools/winebuild \
  -I/workspace/scratch/94ffb2b0bb2d/madeira-msi-patched-provider-build-20261005/wine/tools/winebuild \
  -Iinclude \
  -I/workspace/scratch/94ffb2b0bb2d/madeira-msi-patched-provider-build-20261005/wine/include \
  -D__WINESRC__ -DWINE_UNIX_LIB -Wall -pipe -fcf-protection=none -fvisibility=hidden \
  -fno-stack-protector -fno-strict-aliasing -Wdeclaration-after-statement -Wempty-body \
  -Wignored-qualifiers -Winit-self -Wlogical-op -Wno-packed-not-aligned -Wpointer-arith \
  -Wshift-overflow=2 -Wstrict-prototypes -Wtype-limits -Wunused-but-set-parameter -Wvla \
  -Wwrite-strings -Wno-misleading-indentation -O2
/usr/bin/cc -m64 -c -o tools/winebuild/main.o /workspace/scratch/94ffb2b0bb2d/madeira-msi-patched-provider-build-20261005/wine/tools/winebuild/main.c \
  -Itools/winebuild \
  -I/workspace/scratch/94ffb2b0bb2d/madeira-msi-patched-provider-build-20261005/wine/tools/winebuild \
  -Iinclude \
  -I/workspace/scratch/94ffb2b0bb2d/madeira-msi-patched-provider-build-20261005/wine/include \
  -D__WINESRC__ -DWINE_UNIX_LIB -Wall -pipe -fcf-protection=none -fvisibility=hidden \
  -fno-stack-protector -fno-strict-aliasing -Wdeclaration-after-statement -Wempty-body \
  -Wignored-qualifiers -Winit-self -Wlogical-op -Wno-packed-not-aligned -Wpointer-arith \
  -Wshift-overflow=2 -Wstrict-prototypes -Wtype-limits -Wunused-but-set-parameter -Wvla \
  -Wwrite-strings -Wno-misleading-indentation -O2
/usr/bin/cc -m64 -c -o tools/winebuild/parser.o /workspace/scratch/94ffb2b0bb2d/madeira-msi-patched-provider-build-20261005/wine/tools/winebuild/parser.c \
  -Itools/winebuild \
  -I/workspace/scratch/94ffb2b0bb2d/madeira-msi-patched-provider-build-20261005/wine/tools/winebuild \
  -Iinclude \
  -I/workspace/scratch/94ffb2b0bb2d/madeira-msi-patched-provider-build-20261005/wine/include \
  -D__WINESRC__ -DWINE_UNIX_LIB -Wall -pipe -fcf-protection=none -fvisibility=hidden \
  -fno-stack-protector -fno-strict-aliasing -Wdeclaration-after-statement -Wempty-body \
  -Wignored-qualifiers -Winit-self -Wlogical-op -Wno-packed-not-aligned -Wpointer-arith \
  -Wshift-overflow=2 -Wstrict-prototypes -Wtype-limits -Wunused-but-set-parameter -Wvla \
  -Wwrite-strings -Wno-misleading-indentation -O2
/usr/bin/cc -m64 -c -o tools/winebuild/relay.o /workspace/scratch/94ffb2b0bb2d/madeira-msi-patched-provider-build-20261005/wine/tools/winebuild/relay.c \
  -Itools/winebuild \
  -I/workspace/scratch/94ffb2b0bb2d/madeira-msi-patched-provider-build-20261005/wine/tools/winebuild \
  -Iinclude \
  -I/workspace/scratch/94ffb2b0bb2d/madeira-msi-patched-provider-build-20261005/wine/include \
  -D__WINESRC__ -DWINE_UNIX_LIB -Wall -pipe -fcf-protection=none -fvisibility=hidden \
  -fno-stack-protector -fno-strict-aliasing -Wdeclaration-after-statement -Wempty-body \
  -Wignored-qualifiers -Winit-self -Wlogical-op -Wno-packed-not-aligned -Wpointer-arith \
  -Wshift-overflow=2 -Wstrict-prototypes -Wtype-limits -Wunused-but-set-parameter -Wvla \
  -Wwrite-strings -Wno-misleading-indentation -O2
/usr/bin/cc -m64 -c -o tools/winebuild/res16.o /workspace/scratch/94ffb2b0bb2d/madeira-msi-patched-provider-build-20261005/wine/tools/winebuild/res16.c \
  -Itools/winebuild \
  -I/workspace/scratch/94ffb2b0bb2d/madeira-msi-patched-provider-build-20261005/wine/tools/winebuild \
  -Iinclude \
  -I/workspace/scratch/94ffb2b0bb2d/madeira-msi-patched-provider-build-20261005/wine/include \
  -D__WINESRC__ -DWINE_UNIX_LIB -Wall -pipe -fcf-protection=none -fvisibility=hidden \
  -fno-stack-protector -fno-strict-aliasing -Wdeclaration-after-statement -Wempty-body \
  -Wignored-qualifiers -Winit-self -Wlogical-op -Wno-packed-not-aligned -Wpointer-arith \
  -Wshift-overflow=2 -Wstrict-prototypes -Wtype-limits -Wunused-but-set-parameter -Wvla \
  -Wwrite-strings -Wno-misleading-indentation -O2
/usr/bin/cc -m64 -c -o tools/winebuild/res32.o /workspace/scratch/94ffb2b0bb2d/madeira-msi-patched-provider-build-20261005/wine/tools/winebuild/res32.c \
  -Itools/winebuild \
  -I/workspace/scratch/94ffb2b0bb2d/madeira-msi-patched-provider-build-20261005/wine/tools/winebuild \
  -Iinclude \
  -I/workspace/scratch/94ffb2b0bb2d/madeira-msi-patched-provider-build-20261005/wine/include \
  -D__WINESRC__ -DWINE_UNIX_LIB -Wall -pipe -fcf-protection=none -fvisibility=hidden \
  -fno-stack-protector -fno-strict-aliasing -Wdeclaration-after-statement -Wempty-body \
  -Wignored-qualifiers -Winit-self -Wlogical-op -Wno-packed-not-aligned -Wpointer-arith \
  -Wshift-overflow=2 -Wstrict-prototypes -Wtype-limits -Wunused-but-set-parameter -Wvla \
  -Wwrite-strings -Wno-misleading-indentation -O2
/usr/bin/cc -m64 -c -o tools/winebuild/spec16.o /workspace/scratch/94ffb2b0bb2d/madeira-msi-patched-provider-build-20261005/wine/tools/winebuild/spec16.c \
  -Itools/winebuild \
  -I/workspace/scratch/94ffb2b0bb2d/madeira-msi-patched-provider-build-20261005/wine/tools/winebuild \
  -Iinclude \
  -I/workspace/scratch/94ffb2b0bb2d/madeira-msi-patched-provider-build-20261005/wine/include \
  -D__WINESRC__ -DWINE_UNIX_LIB -Wall -pipe -fcf-protection=none -fvisibility=hidden \
  -fno-stack-protector -fno-strict-aliasing -Wdeclaration-after-statement -Wempty-body \
  -Wignored-qualifiers -Winit-self -Wlogical-op -Wno-packed-not-aligned -Wpointer-arith \
  -Wshift-overflow=2 -Wstrict-prototypes -Wtype-limits -Wunused-but-set-parameter -Wvla \
  -Wwrite-strings -Wno-misleading-indentation -O2
/usr/bin/cc -m64 -c -o tools/winebuild/spec32.o /workspace/scratch/94ffb2b0bb2d/madeira-msi-patched-provider-build-20261005/wine/tools/winebuild/spec32.c \
  -Itools/winebuild \
  -I/workspace/scratch/94ffb2b0bb2d/madeira-msi-patched-provider-build-20261005/wine/tools/winebuild \
  -Iinclude \
  -I/workspace/scratch/94ffb2b0bb2d/madeira-msi-patched-provider-build-20261005/wine/include \
  -D__WINESRC__ -DWINE_UNIX_LIB -Wall -pipe -fcf-protection=none -fvisibility=hidden \
  -fno-stack-protector -fno-strict-aliasing -Wdeclaration-after-statement -Wempty-body \
  -Wignored-qualifiers -Winit-self -Wlogical-op -Wno-packed-not-aligned -Wpointer-arith \
  -Wshift-overflow=2 -Wstrict-prototypes -Wtype-limits -Wunused-but-set-parameter -Wvla \
  -Wwrite-strings -Wno-misleading-indentation -O2
/usr/bin/cc -m64 -c -o tools/winebuild/utils.o /workspace/scratch/94ffb2b0bb2d/madeira-msi-patched-provider-build-20261005/wine/tools/winebuild/utils.c \
  -Itools/winebuild \
  -I/workspace/scratch/94ffb2b0bb2d/madeira-msi-patched-provider-build-20261005/wine/tools/winebuild \
  -Iinclude \
  -I/workspace/scratch/94ffb2b0bb2d/madeira-msi-patched-provider-build-20261005/wine/include \
  -D__WINESRC__ -DWINE_UNIX_LIB -Wall -pipe -fcf-protection=none -fvisibility=hidden \
  -fno-stack-protector -fno-strict-aliasing -Wdeclaration-after-statement -Wempty-body \
  -Wignored-qualifiers -Winit-self -Wlogical-op -Wno-packed-not-aligned -Wpointer-arith \
  -Wshift-overflow=2 -Wstrict-prototypes -Wtype-limits -Wunused-but-set-parameter -Wvla \
  -Wwrite-strings -Wno-misleading-indentation -O2
/workspace/scratch/94ffb2b0bb2d/madeira-desktop-overlay-build/toolchains/llvm-mingw-20260421-ucrt-ubuntu-22.04-x86_64/bin/clang -D__STDC__ -c -o libs/winecrt0/aarch64-windows/arm64ec.o /workspace/scratch/94ffb2b0bb2d/madeira-msi-patched-provider-build-20261005/wine/libs/winecrt0/arm64ec.c \
  -Ilibs/winecrt0 \
  -I/workspace/scratch/94ffb2b0bb2d/madeira-msi-patched-provider-build-20261005/wine/libs/winecrt0 \
  -Iinclude \
  -I/workspace/scratch/94ffb2b0bb2d/madeira-msi-patched-provider-build-20261005/wine/include \
  -I/workspace/scratch/94ffb2b0bb2d/madeira-msi-patched-provider-build-20261005/wine/include/msvcrt \
  -D_MSVCR_VER=0 -D__WINESRC__ -D__WINE_PE_BUILD -Wall -target aarch64-windows -fuse-ld=lld \
  --no-default-config -fno-strict-aliasing -Wdeclaration-after-statement -Wempty-body \
  -Wignored-qualifiers -Winit-self -Wno-microsoft-enum-forward-reference -Wstrict-prototypes \
  -Wtype-limits -Wunused-but-set-parameter -Wvla -Wwrite-strings -Wpointer-arith -Wabsolute-value \
  -ffunction-sections -fasync-exceptions -ffp-exception-behavior=maytrap -gdwarf-4 -g -O2
/workspace/scratch/94ffb2b0bb2d/madeira-desktop-overlay-build/toolchains/llvm-mingw-20260421-ucrt-ubuntu-22.04-x86_64/bin/clang -D__STDC__ -c -o libs/winecrt0/aarch64-windows/crt_dllmain.o /workspace/scratch/94ffb2b0bb2d/madeira-msi-patched-provider-build-20261005/wine/libs/winecrt0/crt_dllmain.c \
  -Ilibs/winecrt0 \
  -I/workspace/scratch/94ffb2b0bb2d/madeira-msi-patched-provider-build-20261005/wine/libs/winecrt0 \
  -Iinclude \
  -I/workspace/scratch/94ffb2b0bb2d/madeira-msi-patched-provider-build-20261005/wine/include \
  -I/workspace/scratch/94ffb2b0bb2d/madeira-msi-patched-provider-build-20261005/wine/include/msvcrt \
  -D_MSVCR_VER=0 -D__WINESRC__ -D__WINE_PE_BUILD -Wall -target aarch64-windows -fuse-ld=lld \
  --no-default-config -fno-strict-aliasing -Wdeclaration-after-statement -Wempty-body \
  -Wignored-qualifiers -Winit-self -Wno-microsoft-enum-forward-reference -Wstrict-prototypes \
  -Wtype-limits -Wunused-but-set-parameter -Wvla -Wwrite-strings -Wpointer-arith -Wabsolute-value \
  -ffunction-sections -fasync-exceptions -ffp-exception-behavior=maytrap -gdwarf-4 -g -O2
/workspace/scratch/94ffb2b0bb2d/madeira-desktop-overlay-build/toolchains/llvm-mingw-20260421-ucrt-ubuntu-22.04-x86_64/bin/clang -D__STDC__ -c -o libs/winecrt0/aarch64-windows/crt_fltused.o /workspace/scratch/94ffb2b0bb2d/madeira-msi-patched-provider-build-20261005/wine/libs/winecrt0/crt_fltused.c \
  -Ilibs/winecrt0 \
  -I/workspace/scratch/94ffb2b0bb2d/madeira-msi-patched-provider-build-20261005/wine/libs/winecrt0 \
  -Iinclude \
  -I/workspace/scratch/94ffb2b0bb2d/madeira-msi-patched-provider-build-20261005/wine/include \
  -I/workspace/scratch/94ffb2b0bb2d/madeira-msi-patched-provider-build-20261005/wine/include/msvcrt \
  -D_MSVCR_VER=0 -D__WINESRC__ -D__WINE_PE_BUILD -Wall -target aarch64-windows -fuse-ld=lld \
  --no-default-config -fno-strict-aliasing -Wdeclaration-after-statement -Wempty-body \
  -Wignored-qualifiers -Winit-self -Wno-microsoft-enum-forward-reference -Wstrict-prototypes \
  -Wtype-limits -Wunused-but-set-parameter -Wvla -Wwrite-strings -Wpointer-arith -Wabsolute-value \
  -ffunction-sections -fasync-exceptions -ffp-exception-behavior=maytrap -gdwarf-4 -g -O2
/workspace/scratch/94ffb2b0bb2d/madeira-desktop-overlay-build/toolchains/llvm-mingw-20260421-ucrt-ubuntu-22.04-x86_64/bin/clang -D__STDC__ -c -o libs/winecrt0/aarch64-windows/debug.o /workspace/scratch/94ffb2b0bb2d/madeira-msi-patched-provider-build-20261005/wine/libs/winecrt0/debug.c \
  -Ilibs/winecrt0 \
  -I/workspace/scratch/94ffb2b0bb2d/madeira-msi-patched-provider-build-20261005/wine/libs/winecrt0 \
  -Iinclude \
  -I/workspace/scratch/94ffb2b0bb2d/madeira-msi-patched-provider-build-20261005/wine/include \
  -I/workspace/scratch/94ffb2b0bb2d/madeira-msi-patched-provider-build-20261005/wine/include/msvcrt \
  -D_MSVCR_VER=0 -D__WINESRC__ -D__WINE_PE_BUILD -Wall -target aarch64-windows -fuse-ld=lld \
  --no-default-config -fno-strict-aliasing -Wdeclaration-after-statement -Wempty-body \
  -Wignored-qualifiers -Winit-self -Wno-microsoft-enum-forward-reference -Wstrict-prototypes \
  -Wtype-limits -Wunused-but-set-parameter -Wvla -Wwrite-strings -Wpointer-arith -Wabsolute-value \
  -ffunction-sections -fasync-exceptions -ffp-exception-behavior=maytrap -gdwarf-4 -g -O2
/workspace/scratch/94ffb2b0bb2d/madeira-desktop-overlay-build/toolchains/llvm-mingw-20260421-ucrt-ubuntu-22.04-x86_64/bin/clang -D__STDC__ -c -o libs/winecrt0/aarch64-windows/delay_load.o /workspace/scratch/94ffb2b0bb2d/madeira-msi-patched-provider-build-20261005/wine/libs/winecrt0/delay_load.c \
  -Ilibs/winecrt0 \
  -I/workspace/scratch/94ffb2b0bb2d/madeira-msi-patched-provider-build-20261005/wine/libs/winecrt0 \
  -Iinclude \
  -I/workspace/scratch/94ffb2b0bb2d/madeira-msi-patched-provider-build-20261005/wine/include \
  -I/workspace/scratch/94ffb2b0bb2d/madeira-msi-patched-provider-build-20261005/wine/include/msvcrt \
  -D_MSVCR_VER=0 -D__WINESRC__ -D__WINE_PE_BUILD -Wall -target aarch64-windows -fuse-ld=lld \
  --no-default-config -fno-strict-aliasing -Wdeclaration-after-statement -Wempty-body \
  -Wignored-qualifiers -Winit-self -Wno-microsoft-enum-forward-reference -Wstrict-prototypes \
  -Wtype-limits -Wunused-but-set-parameter -Wvla -Wwrite-strings -Wpointer-arith -Wabsolute-value \
  -ffunction-sections -fasync-exceptions -ffp-exception-behavior=maytrap -gdwarf-4 -g -O2
/workspace/scratch/94ffb2b0bb2d/madeira-desktop-overlay-build/toolchains/llvm-mingw-20260421-ucrt-ubuntu-22.04-x86_64/bin/clang -D__STDC__ -c -o libs/winecrt0/aarch64-windows/dll_main.o /workspace/scratch/94ffb2b0bb2d/madeira-msi-patched-provider-build-20261005/wine/libs/winecrt0/dll_main.c \
  -Ilibs/winecrt0 \
  -I/workspace/scratch/94ffb2b0bb2d/madeira-msi-patched-provider-build-20261005/wine/libs/winecrt0 \
  -Iinclude \
  -I/workspace/scratch/94ffb2b0bb2d/madeira-msi-patched-provider-build-20261005/wine/include \
  -I/workspace/scratch/94ffb2b0bb2d/madeira-msi-patched-provider-build-20261005/wine/include/msvcrt \
  -D_MSVCR_VER=0 -D__WINESRC__ -D__WINE_PE_BUILD -Wall -target aarch64-windows -fuse-ld=lld \
  --no-default-config -fno-strict-aliasing -Wdeclaration-after-statement -Wempty-body \
  -Wignored-qualifiers -Winit-self -Wno-microsoft-enum-forward-reference -Wstrict-prototypes \
  -Wtype-limits -Wunused-but-set-parameter -Wvla -Wwrite-strings -Wpointer-arith -Wabsolute-value \
  -ffunction-sections -fasync-exceptions -ffp-exception-behavior=maytrap -gdwarf-4 -g -O2
/workspace/scratch/94ffb2b0bb2d/madeira-desktop-overlay-build/toolchains/llvm-mingw-20260421-ucrt-ubuntu-22.04-x86_64/bin/clang -D__STDC__ -c -o libs/winecrt0/aarch64-windows/exception.o /workspace/scratch/94ffb2b0bb2d/madeira-msi-patched-provider-build-20261005/wine/libs/winecrt0/exception.c \
  -Ilibs/winecrt0 \
  -I/workspace/scratch/94ffb2b0bb2d/madeira-msi-patched-provider-build-20261005/wine/libs/winecrt0 \
  -Iinclude \
  -I/workspace/scratch/94ffb2b0bb2d/madeira-msi-patched-provider-build-20261005/wine/include \
  -I/workspace/scratch/94ffb2b0bb2d/madeira-msi-patched-provider-build-20261005/wine/include/msvcrt \
  -D_MSVCR_VER=0 -D__WINESRC__ -D__WINE_PE_BUILD -Wall -target aarch64-windows -fuse-ld=lld \
  --no-default-config -fno-strict-aliasing -Wdeclaration-after-statement -Wempty-body \
  -Wignored-qualifiers -Winit-self -Wno-microsoft-enum-forward-reference -Wstrict-prototypes \
  -Wtype-limits -Wunused-but-set-parameter -Wvla -Wwrite-strings -Wpointer-arith -Wabsolute-value \
  -ffunction-sections -fasync-exceptions -ffp-exception-behavior=maytrap -gdwarf-4 -g -O2
/workspace/scratch/94ffb2b0bb2d/madeira-desktop-overlay-build/toolchains/llvm-mingw-20260421-ucrt-ubuntu-22.04-x86_64/bin/clang -D__STDC__ -c -o libs/winecrt0/aarch64-windows/exe16_entry.o /workspace/scratch/94ffb2b0bb2d/madeira-msi-patched-provider-build-20261005/wine/libs/winecrt0/exe16_entry.c \
  -Ilibs/winecrt0 \
  -I/workspace/scratch/94ffb2b0bb2d/madeira-msi-patched-provider-build-20261005/wine/libs/winecrt0 \
  -Iinclude \
  -I/workspace/scratch/94ffb2b0bb2d/madeira-msi-patched-provider-build-20261005/wine/include \
  -I/workspace/scratch/94ffb2b0bb2d/madeira-msi-patched-provider-build-20261005/wine/include/msvcrt \
  -D_MSVCR_VER=0 -D__WINESRC__ -D__WINE_PE_BUILD -Wall -target aarch64-windows -fuse-ld=lld \
  --no-default-config -fno-strict-aliasing -Wdeclaration-after-statement -Wempty-body \
  -Wignored-qualifiers -Winit-self -Wno-microsoft-enum-forward-reference -Wstrict-prototypes \
  -Wtype-limits -Wunused-but-set-parameter -Wvla -Wwrite-strings -Wpointer-arith -Wabsolute-value \
  -ffunction-sections -fasync-exceptions -ffp-exception-behavior=maytrap -gdwarf-4 -g -O2
/workspace/scratch/94ffb2b0bb2d/madeira-desktop-overlay-build/toolchains/llvm-mingw-20260421-ucrt-ubuntu-22.04-x86_64/bin/clang -D__STDC__ -c -o libs/winecrt0/aarch64-windows/gcc_ctors.o /workspace/scratch/94ffb2b0bb2d/madeira-msi-patched-provider-build-20261005/wine/libs/winecrt0/gcc_ctors.c \
  -Ilibs/winecrt0 \
  -I/workspace/scratch/94ffb2b0bb2d/madeira-msi-patched-provider-build-20261005/wine/libs/winecrt0 \
  -Iinclude \
  -I/workspace/scratch/94ffb2b0bb2d/madeira-msi-patched-provider-build-20261005/wine/include \
  -I/workspace/scratch/94ffb2b0bb2d/madeira-msi-patched-provider-build-20261005/wine/include/msvcrt \
  -D_MSVCR_VER=0 -D__WINESRC__ -D__WINE_PE_BUILD -Wall -target aarch64-windows -fuse-ld=lld \
  --no-default-config -fno-strict-aliasing -Wdeclaration-after-statement -Wempty-body \
  -Wignored-qualifiers -Winit-self -Wno-microsoft-enum-forward-reference -Wstrict-prototypes \
  -Wtype-limits -Wunused-but-set-parameter -Wvla -Wwrite-strings -Wpointer-arith -Wabsolute-value \
  -ffunction-sections -fasync-exceptions -ffp-exception-behavior=maytrap -gdwarf-4 -g -O2
/workspace/scratch/94ffb2b0bb2d/madeira-desktop-overlay-build/toolchains/llvm-mingw-20260421-ucrt-ubuntu-22.04-x86_64/bin/clang -D__STDC__ -c -o libs/winecrt0/aarch64-windows/setjmp.o /workspace/scratch/94ffb2b0bb2d/madeira-msi-patched-provider-build-20261005/wine/libs/winecrt0/setjmp.c \
  -Ilibs/winecrt0 \
  -I/workspace/scratch/94ffb2b0bb2d/madeira-msi-patched-provider-build-20261005/wine/libs/winecrt0 \
  -Iinclude \
  -I/workspace/scratch/94ffb2b0bb2d/madeira-msi-patched-provider-build-20261005/wine/include \
  -I/workspace/scratch/94ffb2b0bb2d/madeira-msi-patched-provider-build-20261005/wine/include/msvcrt \
  -D_MSVCR_VER=0 -D__WINESRC__ -D__WINE_PE_BUILD -Wall -target aarch64-windows -fuse-ld=lld \
  --no-default-config -fno-strict-aliasing -Wdeclaration-after-statement -Wempty-body \
  -Wignored-qualifiers -Winit-self -Wno-microsoft-enum-forward-reference -Wstrict-prototypes \
  -Wtype-limits -Wunused-but-set-parameter -Wvla -Wwrite-strings -Wpointer-arith -Wabsolute-value \
  -ffunction-sections -fasync-exceptions -ffp-exception-behavior=maytrap -gdwarf-4 -g -O2
/workspace/scratch/94ffb2b0bb2d/madeira-desktop-overlay-build/toolchains/llvm-mingw-20260421-ucrt-ubuntu-22.04-x86_64/bin/clang -D__STDC__ -c -o libs/winecrt0/aarch64-windows/stub.o /workspace/scratch/94ffb2b0bb2d/madeira-msi-patched-provider-build-20261005/wine/libs/winecrt0/stub.c \
  -Ilibs/winecrt0 \
  -I/workspace/scratch/94ffb2b0bb2d/madeira-msi-patched-provider-build-20261005/wine/libs/winecrt0 \
  -Iinclude \
  -I/workspace/scratch/94ffb2b0bb2d/madeira-msi-patched-provider-build-20261005/wine/include \
  -I/workspace/scratch/94ffb2b0bb2d/madeira-msi-patched-provider-build-20261005/wine/include/msvcrt \
  -D_MSVCR_VER=0 -D__WINESRC__ -D__WINE_PE_BUILD -Wall -target aarch64-windows -fuse-ld=lld \
  --no-default-config -fno-strict-aliasing -Wdeclaration-after-statement -Wempty-body \
  -Wignored-qualifiers -Winit-self -Wno-microsoft-enum-forward-reference -Wstrict-prototypes \
  -Wtype-limits -Wunused-but-set-parameter -Wvla -Wwrite-strings -Wpointer-arith -Wabsolute-value \
  -ffunction-sections -fasync-exceptions -ffp-exception-behavior=maytrap -gdwarf-4 -g -O2
/workspace/scratch/94ffb2b0bb2d/madeira-desktop-overlay-build/toolchains/llvm-mingw-20260421-ucrt-ubuntu-22.04-x86_64/bin/clang -D__STDC__ -c -o libs/winecrt0/aarch64-windows/tls.o /workspace/scratch/94ffb2b0bb2d/madeira-msi-patched-provider-build-20261005/wine/libs/winecrt0/tls.c \
  -Ilibs/winecrt0 \
  -I/workspace/scratch/94ffb2b0bb2d/madeira-msi-patched-provider-build-20261005/wine/libs/winecrt0 \
  -Iinclude \
  -I/workspace/scratch/94ffb2b0bb2d/madeira-msi-patched-provider-build-20261005/wine/include \
  -I/workspace/scratch/94ffb2b0bb2d/madeira-msi-patched-provider-build-20261005/wine/include/msvcrt \
  -D_MSVCR_VER=0 -D__WINESRC__ -D__WINE_PE_BUILD -Wall -target aarch64-windows -fuse-ld=lld \
  --no-default-config -fno-strict-aliasing -Wdeclaration-after-statement -Wempty-body \
  -Wignored-qualifiers -Winit-self -Wno-microsoft-enum-forward-reference -Wstrict-prototypes \
  -Wtype-limits -Wunused-but-set-parameter -Wvla -Wwrite-strings -Wpointer-arith -Wabsolute-value \
  -ffunction-sections -fasync-exceptions -ffp-exception-behavior=maytrap -gdwarf-4 -g -O2
/workspace/scratch/94ffb2b0bb2d/madeira-desktop-overlay-build/toolchains/llvm-mingw-20260421-ucrt-ubuntu-22.04-x86_64/bin/clang -D__STDC__ -c -o libs/winecrt0/aarch64-windows/unix_lib.o /workspace/scratch/94ffb2b0bb2d/madeira-msi-patched-provider-build-20261005/wine/libs/winecrt0/unix_lib.c \
  -Ilibs/winecrt0 \
  -I/workspace/scratch/94ffb2b0bb2d/madeira-msi-patched-provider-build-20261005/wine/libs/winecrt0 \
  -Iinclude \
  -I/workspace/scratch/94ffb2b0bb2d/madeira-msi-patched-provider-build-20261005/wine/include \
  -I/workspace/scratch/94ffb2b0bb2d/madeira-msi-patched-provider-build-20261005/wine/include/msvcrt \
  -D_MSVCR_VER=0 -D__WINESRC__ -D__WINE_PE_BUILD -Wall -target aarch64-windows -fuse-ld=lld \
  --no-default-config -fno-strict-aliasing -Wdeclaration-after-statement -Wempty-body \
  -Wignored-qualifiers -Winit-self -Wno-microsoft-enum-forward-reference -Wstrict-prototypes \
  -Wtype-limits -Wunused-but-set-parameter -Wvla -Wwrite-strings -Wpointer-arith -Wabsolute-value \
  -ffunction-sections -fasync-exceptions -ffp-exception-behavior=maytrap -gdwarf-4 -g -O2
/workspace/scratch/94ffb2b0bb2d/madeira-desktop-overlay-build/toolchains/llvm-mingw-20260421-ucrt-ubuntu-22.04-x86_64/bin/clang -D__STDC__ -c -o libs/compiler-rt/aarch64-windows/lib/builtins/aarch64/chkstk.o /workspace/scratch/94ffb2b0bb2d/madeira-msi-patched-provider-build-20261005/wine/libs/compiler-rt/lib/builtins/aarch64/chkstk.S \
  -Ilibs/compiler-rt \
  -I/workspace/scratch/94ffb2b0bb2d/madeira-msi-patched-provider-build-20261005/wine/libs/compiler-rt \
  -Iinclude \
  -I/workspace/scratch/94ffb2b0bb2d/madeira-msi-patched-provider-build-20261005/wine/include \
  -I/workspace/scratch/94ffb2b0bb2d/madeira-msi-patched-provider-build-20261005/wine/include/msvcrt \
  -D_UCRT -D__WINE_PE_BUILD -target aarch64-windows -fuse-ld=lld --no-default-config \
  -fno-strict-aliasing -Wno-microsoft-enum-forward-reference -ffunction-sections -fasync-exceptions \
  -ffp-exception-behavior=maytrap -gdwarf-4 -g -O2
/workspace/scratch/94ffb2b0bb2d/madeira-desktop-overlay-build/toolchains/llvm-mingw-20260421-ucrt-ubuntu-22.04-x86_64/bin/clang -D__STDC__ -c -o libs/compiler-rt/aarch64-windows/lib/builtins/ctzdi2.o /workspace/scratch/94ffb2b0bb2d/madeira-msi-patched-provider-build-20261005/wine/libs/compiler-rt/lib/builtins/ctzdi2.c \
  -Ilibs/compiler-rt \
  -I/workspace/scratch/94ffb2b0bb2d/madeira-msi-patched-provider-build-20261005/wine/libs/compiler-rt \
  -Iinclude \
  -I/workspace/scratch/94ffb2b0bb2d/madeira-msi-patched-provider-build-20261005/wine/include \
  -I/workspace/scratch/94ffb2b0bb2d/madeira-msi-patched-provider-build-20261005/wine/include/msvcrt \
  -D_UCRT -D__WINE_PE_BUILD -target aarch64-windows -fuse-ld=lld --no-default-config \
  -fno-strict-aliasing -Wno-microsoft-enum-forward-reference -ffunction-sections -fasync-exceptions \
  -ffp-exception-behavior=maytrap -gdwarf-4 -g -O2
/workspace/scratch/94ffb2b0bb2d/madeira-desktop-overlay-build/toolchains/llvm-mingw-20260421-ucrt-ubuntu-22.04-x86_64/bin/clang -D__STDC__ -c -o libs/compiler-rt/aarch64-windows/lib/builtins/divdi3.o /workspace/scratch/94ffb2b0bb2d/madeira-msi-patched-provider-build-20261005/wine/libs/compiler-rt/lib/builtins/divdi3.c \
  -Ilibs/compiler-rt \
  -I/workspace/scratch/94ffb2b0bb2d/madeira-msi-patched-provider-build-20261005/wine/libs/compiler-rt \
  -Iinclude \
  -I/workspace/scratch/94ffb2b0bb2d/madeira-msi-patched-provider-build-20261005/wine/include \
  -I/workspace/scratch/94ffb2b0bb2d/madeira-msi-patched-provider-build-20261005/wine/include/msvcrt \
  -D_UCRT -D__WINE_PE_BUILD -target aarch64-windows -fuse-ld=lld --no-default-config \
  -fno-strict-aliasing -Wno-microsoft-enum-forward-reference -ffunction-sections -fasync-exceptions \
  -ffp-exception-behavior=maytrap -gdwarf-4 -g -O2
/workspace/scratch/94ffb2b0bb2d/madeira-desktop-overlay-build/toolchains/llvm-mingw-20260421-ucrt-ubuntu-22.04-x86_64/bin/clang -D__STDC__ -c -o libs/compiler-rt/aarch64-windows/lib/builtins/divmoddi4.o /workspace/scratch/94ffb2b0bb2d/madeira-msi-patched-provider-build-20261005/wine/libs/compiler-rt/lib/builtins/divmoddi4.c \
  -Ilibs/compiler-rt \
  -I/workspace/scratch/94ffb2b0bb2d/madeira-msi-patched-provider-build-20261005/wine/libs/compiler-rt \
  -Iinclude \
  -I/workspace/scratch/94ffb2b0bb2d/madeira-msi-patched-provider-build-20261005/wine/include \
  -I/workspace/scratch/94ffb2b0bb2d/madeira-msi-patched-provider-build-20261005/wine/include/msvcrt \
  -D_UCRT -D__WINE_PE_BUILD -target aarch64-windows -fuse-ld=lld --no-default-config \
  -fno-strict-aliasing -Wno-microsoft-enum-forward-reference -ffunction-sections -fasync-exceptions \
  -ffp-exception-behavior=maytrap -gdwarf-4 -g -O2
/workspace/scratch/94ffb2b0bb2d/madeira-desktop-overlay-build/toolchains/llvm-mingw-20260421-ucrt-ubuntu-22.04-x86_64/bin/clang -D__STDC__ -c -o libs/compiler-rt/aarch64-windows/lib/builtins/divmodsi4.o /workspace/scratch/94ffb2b0bb2d/madeira-msi-patched-provider-build-20261005/wine/libs/compiler-rt/lib/builtins/divmodsi4.c \
  -Ilibs/compiler-rt \
  -I/workspace/scratch/94ffb2b0bb2d/madeira-msi-patched-provider-build-20261005/wine/libs/compiler-rt \
  -Iinclude \
  -I/workspace/scratch/94ffb2b0bb2d/madeira-msi-patched-provider-build-20261005/wine/include \
  -I/workspace/scratch/94ffb2b0bb2d/madeira-msi-patched-provider-build-20261005/wine/include/msvcrt \
  -D_UCRT -D__WINE_PE_BUILD -target aarch64-windows -fuse-ld=lld --no-default-config \
  -fno-strict-aliasing -Wno-microsoft-enum-forward-reference -ffunction-sections -fasync-exceptions \
  -ffp-exception-behavior=maytrap -gdwarf-4 -g -O2
/workspace/scratch/94ffb2b0bb2d/madeira-desktop-overlay-build/toolchains/llvm-mingw-20260421-ucrt-ubuntu-22.04-x86_64/bin/clang -D__STDC__ -c -o libs/compiler-rt/aarch64-windows/lib/builtins/divsi3.o /workspace/scratch/94ffb2b0bb2d/madeira-msi-patched-provider-build-20261005/wine/libs/compiler-rt/lib/builtins/divsi3.c \
  -Ilibs/compiler-rt \
  -I/workspace/scratch/94ffb2b0bb2d/madeira-msi-patched-provider-build-20261005/wine/libs/compiler-rt \
  -Iinclude \
  -I/workspace/scratch/94ffb2b0bb2d/madeira-msi-patched-provider-build-20261005/wine/include \
  -I/workspace/scratch/94ffb2b0bb2d/madeira-msi-patched-provider-build-20261005/wine/include/msvcrt \
  -D_UCRT -D__WINE_PE_BUILD -target aarch64-windows -fuse-ld=lld --no-default-config \
  -fno-strict-aliasing -Wno-microsoft-enum-forward-reference -ffunction-sections -fasync-exceptions \
  -ffp-exception-behavior=maytrap -gdwarf-4 -g -O2
/workspace/scratch/94ffb2b0bb2d/madeira-desktop-overlay-build/toolchains/llvm-mingw-20260421-ucrt-ubuntu-22.04-x86_64/bin/clang -D__STDC__ -c -o libs/compiler-rt/aarch64-windows/lib/builtins/divti3.o /workspace/scratch/94ffb2b0bb2d/madeira-msi-patched-provider-build-20261005/wine/libs/compiler-rt/lib/builtins/divti3.c \
  -Ilibs/compiler-rt \
  -I/workspace/scratch/94ffb2b0bb2d/madeira-msi-patched-provider-build-20261005/wine/libs/compiler-rt \
  -Iinclude \
  -I/workspace/scratch/94ffb2b0bb2d/madeira-msi-patched-provider-build-20261005/wine/include \
  -I/workspace/scratch/94ffb2b0bb2d/madeira-msi-patched-provider-build-20261005/wine/include/msvcrt \
  -D_UCRT -D__WINE_PE_BUILD -target aarch64-windows -fuse-ld=lld --no-default-config \
  -fno-strict-aliasing -Wno-microsoft-enum-forward-reference -ffunction-sections -fasync-exceptions \
  -ffp-exception-behavior=maytrap -gdwarf-4 -g -O2
/workspace/scratch/94ffb2b0bb2d/madeira-desktop-overlay-build/toolchains/llvm-mingw-20260421-ucrt-ubuntu-22.04-x86_64/bin/clang -D__STDC__ -c -o libs/compiler-rt/aarch64-windows/lib/builtins/fixdfdi.o /workspace/scratch/94ffb2b0bb2d/madeira-msi-patched-provider-build-20261005/wine/libs/compiler-rt/lib/builtins/fixdfdi.c \
  -Ilibs/compiler-rt \
  -I/workspace/scratch/94ffb2b0bb2d/madeira-msi-patched-provider-build-20261005/wine/libs/compiler-rt \
  -Iinclude \
  -I/workspace/scratch/94ffb2b0bb2d/madeira-msi-patched-provider-build-20261005/wine/include \
  -I/workspace/scratch/94ffb2b0bb2d/madeira-msi-patched-provider-build-20261005/wine/include/msvcrt \
  -D_UCRT -D__WINE_PE_BUILD -target aarch64-windows -fuse-ld=lld --no-default-config \
  -fno-strict-aliasing -Wno-microsoft-enum-forward-reference -ffunction-sections -fasync-exceptions \
  -ffp-exception-behavior=maytrap -gdwarf-4 -g -O2
/workspace/scratch/94ffb2b0bb2d/madeira-desktop-overlay-build/toolchains/llvm-mingw-20260421-ucrt-ubuntu-22.04-x86_64/bin/clang -D__STDC__ -c -o libs/compiler-rt/aarch64-windows/lib/builtins/fixsfdi.o /workspace/scratch/94ffb2b0bb2d/madeira-msi-patched-provider-build-20261005/wine/libs/compiler-rt/lib/builtins/fixsfdi.c \
  -Ilibs/compiler-rt \
  -I/workspace/scratch/94ffb2b0bb2d/madeira-msi-patched-provider-build-20261005/wine/libs/compiler-rt \
  -Iinclude \
  -I/workspace/scratch/94ffb2b0bb2d/madeira-msi-patched-provider-build-20261005/wine/include \
  -I/workspace/scratch/94ffb2b0bb2d/madeira-msi-patched-provider-build-20261005/wine/include/msvcrt \
  -D_UCRT -D__WINE_PE_BUILD -target aarch64-windows -fuse-ld=lld --no-default-config \
  -fno-strict-aliasing -Wno-microsoft-enum-forward-reference -ffunction-sections -fasync-exceptions \
  -ffp-exception-behavior=maytrap -gdwarf-4 -g -O2
/workspace/scratch/94ffb2b0bb2d/madeira-desktop-overlay-build/toolchains/llvm-mingw-20260421-ucrt-ubuntu-22.04-x86_64/bin/clang -D__STDC__ -c -o libs/compiler-rt/aarch64-windows/lib/builtins/fixunsdfdi.o /workspace/scratch/94ffb2b0bb2d/madeira-msi-patched-provider-build-20261005/wine/libs/compiler-rt/lib/builtins/fixunsdfdi.c \
  -Ilibs/compiler-rt \
  -I/workspace/scratch/94ffb2b0bb2d/madeira-msi-patched-provider-build-20261005/wine/libs/compiler-rt \
  -Iinclude \
  -I/workspace/scratch/94ffb2b0bb2d/madeira-msi-patched-provider-build-20261005/wine/include \
  -I/workspace/scratch/94ffb2b0bb2d/madeira-msi-patched-provider-build-20261005/wine/include/msvcrt \
  -D_UCRT -D__WINE_PE_BUILD -target aarch64-windows -fuse-ld=lld --no-default-config \
  -fno-strict-aliasing -Wno-microsoft-enum-forward-reference -ffunction-sections -fasync-exceptions \
  -ffp-exception-behavior=maytrap -gdwarf-4 -g -O2
/workspace/scratch/94ffb2b0bb2d/madeira-desktop-overlay-build/toolchains/llvm-mingw-20260421-ucrt-ubuntu-22.04-x86_64/bin/clang -D__STDC__ -c -o libs/compiler-rt/aarch64-windows/lib/builtins/fixunssfdi.o /workspace/scratch/94ffb2b0bb2d/madeira-msi-patched-provider-build-20261005/wine/libs/compiler-rt/lib/builtins/fixunssfdi.c \
  -Ilibs/compiler-rt \
  -I/workspace/scratch/94ffb2b0bb2d/madeira-msi-patched-provider-build-20261005/wine/libs/compiler-rt \
  -Iinclude \
  -I/workspace/scratch/94ffb2b0bb2d/madeira-msi-patched-provider-build-20261005/wine/include \
  -I/workspace/scratch/94ffb2b0bb2d/madeira-msi-patched-provider-build-20261005/wine/include/msvcrt \
  -D_UCRT -D__WINE_PE_BUILD -target aarch64-windows -fuse-ld=lld --no-default-config \
  -fno-strict-aliasing -Wno-microsoft-enum-forward-reference -ffunction-sections -fasync-exceptions \
  -ffp-exception-behavior=maytrap -gdwarf-4 -g -O2
/workspace/scratch/94ffb2b0bb2d/madeira-desktop-overlay-build/toolchains/llvm-mingw-20260421-ucrt-ubuntu-22.04-x86_64/bin/clang -D__STDC__ -c -o libs/compiler-rt/aarch64-windows/lib/builtins/floatdidf.o /workspace/scratch/94ffb2b0bb2d/madeira-msi-patched-provider-build-20261005/wine/libs/compiler-rt/lib/builtins/floatdidf.c \
  -Ilibs/compiler-rt \
  -I/workspace/scratch/94ffb2b0bb2d/madeira-msi-patched-provider-build-20261005/wine/libs/compiler-rt \
  -Iinclude \
  -I/workspace/scratch/94ffb2b0bb2d/madeira-msi-patched-provider-build-20261005/wine/include \
  -I/workspace/scratch/94ffb2b0bb2d/madeira-msi-patched-provider-build-20261005/wine/include/msvcrt \
  -D_UCRT -D__WINE_PE_BUILD -target aarch64-windows -fuse-ld=lld --no-default-config \
  -fno-strict-aliasing -Wno-microsoft-enum-forward-reference -ffunction-sections -fasync-exceptions \
  -ffp-exception-behavior=maytrap -gdwarf-4 -g -O2
/workspace/scratch/94ffb2b0bb2d/madeira-desktop-overlay-build/toolchains/llvm-mingw-20260421-ucrt-ubuntu-22.04-x86_64/bin/clang -D__STDC__ -c -o libs/compiler-rt/aarch64-windows/lib/builtins/floatdisf.o /workspace/scratch/94ffb2b0bb2d/madeira-msi-patched-provider-build-20261005/wine/libs/compiler-rt/lib/builtins/floatdisf.c \
  -Ilibs/compiler-rt \
  -I/workspace/scratch/94ffb2b0bb2d/madeira-msi-patched-provider-build-20261005/wine/libs/compiler-rt \
  -Iinclude \
  -I/workspace/scratch/94ffb2b0bb2d/madeira-msi-patched-provider-build-20261005/wine/include \
  -I/workspace/scratch/94ffb2b0bb2d/madeira-msi-patched-provider-build-20261005/wine/include/msvcrt \
  -D_UCRT -D__WINE_PE_BUILD -target aarch64-windows -fuse-ld=lld --no-default-config \
  -fno-strict-aliasing -Wno-microsoft-enum-forward-reference -ffunction-sections -fasync-exceptions \
  -ffp-exception-behavior=maytrap -gdwarf-4 -g -O2
/workspace/scratch/94ffb2b0bb2d/madeira-desktop-overlay-build/toolchains/llvm-mingw-20260421-ucrt-ubuntu-22.04-x86_64/bin/clang -D__STDC__ -c -o libs/compiler-rt/aarch64-windows/lib/builtins/floatundidf.o /workspace/scratch/94ffb2b0bb2d/madeira-msi-patched-provider-build-20261005/wine/libs/compiler-rt/lib/builtins/floatundidf.c \
  -Ilibs/compiler-rt \
  -I/workspace/scratch/94ffb2b0bb2d/madeira-msi-patched-provider-build-20261005/wine/libs/compiler-rt \
  -Iinclude \
  -I/workspace/scratch/94ffb2b0bb2d/madeira-msi-patched-provider-build-20261005/wine/include \
  -I/workspace/scratch/94ffb2b0bb2d/madeira-msi-patched-provider-build-20261005/wine/include/msvcrt \
  -D_UCRT -D__WINE_PE_BUILD -target aarch64-windows -fuse-ld=lld --no-default-config \
  -fno-strict-aliasing -Wno-microsoft-enum-forward-reference -ffunction-sections -fasync-exceptions \
  -ffp-exception-behavior=maytrap -gdwarf-4 -g -O2
/workspace/scratch/94ffb2b0bb2d/madeira-desktop-overlay-build/toolchains/llvm-mingw-20260421-ucrt-ubuntu-22.04-x86_64/bin/clang -D__STDC__ -c -o libs/compiler-rt/aarch64-windows/lib/builtins/floatundisf.o /workspace/scratch/94ffb2b0bb2d/madeira-msi-patched-provider-build-20261005/wine/libs/compiler-rt/lib/builtins/floatundisf.c \
  -Ilibs/compiler-rt \
  -I/workspace/scratch/94ffb2b0bb2d/madeira-msi-patched-provider-build-20261005/wine/libs/compiler-rt \
  -Iinclude \
  -I/workspace/scratch/94ffb2b0bb2d/madeira-msi-patched-provider-build-20261005/wine/include \
  -I/workspace/scratch/94ffb2b0bb2d/madeira-msi-patched-provider-build-20261005/wine/include/msvcrt \
  -D_UCRT -D__WINE_PE_BUILD -target aarch64-windows -fuse-ld=lld --no-default-config \
  -fno-strict-aliasing -Wno-microsoft-enum-forward-reference -ffunction-sections -fasync-exceptions \
  -ffp-exception-behavior=maytrap -gdwarf-4 -g -O2
/workspace/scratch/94ffb2b0bb2d/madeira-desktop-overlay-build/toolchains/llvm-mingw-20260421-ucrt-ubuntu-22.04-x86_64/bin/clang -D__STDC__ -c -o libs/compiler-rt/aarch64-windows/lib/builtins/mingw_fixfloat.o /workspace/scratch/94ffb2b0bb2d/madeira-msi-patched-provider-build-20261005/wine/libs/compiler-rt/lib/builtins/mingw_fixfloat.c \
  -Ilibs/compiler-rt \
  -I/workspace/scratch/94ffb2b0bb2d/madeira-msi-patched-provider-build-20261005/wine/libs/compiler-rt \
  -Iinclude \
  -I/workspace/scratch/94ffb2b0bb2d/madeira-msi-patched-provider-build-20261005/wine/include \
  -I/workspace/scratch/94ffb2b0bb2d/madeira-msi-patched-provider-build-20261005/wine/include/msvcrt \
  -D_UCRT -D__WINE_PE_BUILD -target aarch64-windows -fuse-ld=lld --no-default-config \
  -fno-strict-aliasing -Wno-microsoft-enum-forward-reference -ffunction-sections -fasync-exceptions \
  -ffp-exception-behavior=maytrap -gdwarf-4 -g -O2
/workspace/scratch/94ffb2b0bb2d/madeira-desktop-overlay-build/toolchains/llvm-mingw-20260421-ucrt-ubuntu-22.04-x86_64/bin/clang -D__STDC__ -c -o libs/compiler-rt/aarch64-windows/lib/builtins/popcountdi2.o /workspace/scratch/94ffb2b0bb2d/madeira-msi-patched-provider-build-20261005/wine/libs/compiler-rt/lib/builtins/popcountdi2.c \
  -Ilibs/compiler-rt \
  -I/workspace/scratch/94ffb2b0bb2d/madeira-msi-patched-provider-build-20261005/wine/libs/compiler-rt \
  -Iinclude \
  -I/workspace/scratch/94ffb2b0bb2d/madeira-msi-patched-provider-build-20261005/wine/include \
  -I/workspace/scratch/94ffb2b0bb2d/madeira-msi-patched-provider-build-20261005/wine/include/msvcrt \
  -D_UCRT -D__WINE_PE_BUILD -target aarch64-windows -fuse-ld=lld --no-default-config \
  -fno-strict-aliasing -Wno-microsoft-enum-forward-reference -ffunction-sections -fasync-exceptions \
  -ffp-exception-behavior=maytrap -gdwarf-4 -g -O2
/workspace/scratch/94ffb2b0bb2d/madeira-desktop-overlay-build/toolchains/llvm-mingw-20260421-ucrt-ubuntu-22.04-x86_64/bin/clang -D__STDC__ -c -o libs/compiler-rt/aarch64-windows/lib/builtins/popcountsi2.o /workspace/scratch/94ffb2b0bb2d/madeira-msi-patched-provider-build-20261005/wine/libs/compiler-rt/lib/builtins/popcountsi2.c \
  -Ilibs/compiler-rt \
  -I/workspace/scratch/94ffb2b0bb2d/madeira-msi-patched-provider-build-20261005/wine/libs/compiler-rt \
  -Iinclude \
  -I/workspace/scratch/94ffb2b0bb2d/madeira-msi-patched-provider-build-20261005/wine/include \
  -I/workspace/scratch/94ffb2b0bb2d/madeira-msi-patched-provider-build-20261005/wine/include/msvcrt \
  -D_UCRT -D__WINE_PE_BUILD -target aarch64-windows -fuse-ld=lld --no-default-config \
  -fno-strict-aliasing -Wno-microsoft-enum-forward-reference -ffunction-sections -fasync-exceptions \
  -ffp-exception-behavior=maytrap -gdwarf-4 -g -O2
/workspace/scratch/94ffb2b0bb2d/madeira-desktop-overlay-build/toolchains/llvm-mingw-20260421-ucrt-ubuntu-22.04-x86_64/bin/clang -D__STDC__ -c -o libs/compiler-rt/aarch64-windows/lib/builtins/udivdi3.o /workspace/scratch/94ffb2b0bb2d/madeira-msi-patched-provider-build-20261005/wine/libs/compiler-rt/lib/builtins/udivdi3.c \
  -Ilibs/compiler-rt \
  -I/workspace/scratch/94ffb2b0bb2d/madeira-msi-patched-provider-build-20261005/wine/libs/compiler-rt \
  -Iinclude \
  -I/workspace/scratch/94ffb2b0bb2d/madeira-msi-patched-provider-build-20261005/wine/include \
  -I/workspace/scratch/94ffb2b0bb2d/madeira-msi-patched-provider-build-20261005/wine/include/msvcrt \
  -D_UCRT -D__WINE_PE_BUILD -target aarch64-windows -fuse-ld=lld --no-default-config \
  -fno-strict-aliasing -Wno-microsoft-enum-forward-reference -ffunction-sections -fasync-exceptions \
  -ffp-exception-behavior=maytrap -gdwarf-4 -g -O2
/workspace/scratch/94ffb2b0bb2d/madeira-desktop-overlay-build/toolchains/llvm-mingw-20260421-ucrt-ubuntu-22.04-x86_64/bin/clang -D__STDC__ -c -o libs/compiler-rt/aarch64-windows/lib/builtins/udivmoddi4.o /workspace/scratch/94ffb2b0bb2d/madeira-msi-patched-provider-build-20261005/wine/libs/compiler-rt/lib/builtins/udivmoddi4.c \
  -Ilibs/compiler-rt \
  -I/workspace/scratch/94ffb2b0bb2d/madeira-msi-patched-provider-build-20261005/wine/libs/compiler-rt \
  -Iinclude \
  -I/workspace/scratch/94ffb2b0bb2d/madeira-msi-patched-provider-build-20261005/wine/include \
  -I/workspace/scratch/94ffb2b0bb2d/madeira-msi-patched-provider-build-20261005/wine/include/msvcrt \
  -D_UCRT -D__WINE_PE_BUILD -target aarch64-windows -fuse-ld=lld --no-default-config \
  -fno-strict-aliasing -Wno-microsoft-enum-forward-reference -ffunction-sections -fasync-exceptions \
  -ffp-exception-behavior=maytrap -gdwarf-4 -g -O2
/workspace/scratch/94ffb2b0bb2d/madeira-desktop-overlay-build/toolchains/llvm-mingw-20260421-ucrt-ubuntu-22.04-x86_64/bin/clang -D__STDC__ -c -o libs/compiler-rt/aarch64-windows/lib/builtins/udivmodsi4.o /workspace/scratch/94ffb2b0bb2d/madeira-msi-patched-provider-build-20261005/wine/libs/compiler-rt/lib/builtins/udivmodsi4.c \
  -Ilibs/compiler-rt \
  -I/workspace/scratch/94ffb2b0bb2d/madeira-msi-patched-provider-build-20261005/wine/libs/compiler-rt \
  -Iinclude \
  -I/workspace/scratch/94ffb2b0bb2d/madeira-msi-patched-provider-build-20261005/wine/include \
  -I/workspace/scratch/94ffb2b0bb2d/madeira-msi-patched-provider-build-20261005/wine/include/msvcrt \
  -D_UCRT -D__WINE_PE_BUILD -target aarch64-windows -fuse-ld=lld --no-default-config \
  -fno-strict-aliasing -Wno-microsoft-enum-forward-reference -ffunction-sections -fasync-exceptions \
  -ffp-exception-behavior=maytrap -gdwarf-4 -g -O2
/workspace/scratch/94ffb2b0bb2d/madeira-desktop-overlay-build/toolchains/llvm-mingw-20260421-ucrt-ubuntu-22.04-x86_64/bin/clang -D__STDC__ -c -o libs/compiler-rt/aarch64-windows/lib/builtins/udivmodti4.o /workspace/scratch/94ffb2b0bb2d/madeira-msi-patched-provider-build-20261005/wine/libs/compiler-rt/lib/builtins/udivmodti4.c \
  -Ilibs/compiler-rt \
  -I/workspace/scratch/94ffb2b0bb2d/madeira-msi-patched-provider-build-20261005/wine/libs/compiler-rt \
  -Iinclude \
  -I/workspace/scratch/94ffb2b0bb2d/madeira-msi-patched-provider-build-20261005/wine/include \
  -I/workspace/scratch/94ffb2b0bb2d/madeira-msi-patched-provider-build-20261005/wine/include/msvcrt \
  -D_UCRT -D__WINE_PE_BUILD -target aarch64-windows -fuse-ld=lld --no-default-config \
  -fno-strict-aliasing -Wno-microsoft-enum-forward-reference -ffunction-sections -fasync-exceptions \
  -ffp-exception-behavior=maytrap -gdwarf-4 -g -O2
/workspace/scratch/94ffb2b0bb2d/madeira-desktop-overlay-build/toolchains/llvm-mingw-20260421-ucrt-ubuntu-22.04-x86_64/bin/clang -D__STDC__ -c -o libs/compiler-rt/aarch64-windows/lib/builtins/udivsi3.o /workspace/scratch/94ffb2b0bb2d/madeira-msi-patched-provider-build-20261005/wine/libs/compiler-rt/lib/builtins/udivsi3.c \
  -Ilibs/compiler-rt \
  -I/workspace/scratch/94ffb2b0bb2d/madeira-msi-patched-provider-build-20261005/wine/libs/compiler-rt \
  -Iinclude \
  -I/workspace/scratch/94ffb2b0bb2d/madeira-msi-patched-provider-build-20261005/wine/include \
  -I/workspace/scratch/94ffb2b0bb2d/madeira-msi-patched-provider-build-20261005/wine/include/msvcrt \
  -D_UCRT -D__WINE_PE_BUILD -target aarch64-windows -fuse-ld=lld --no-default-config \
  -fno-strict-aliasing -Wno-microsoft-enum-forward-reference -ffunction-sections -fasync-exceptions \
  -ffp-exception-behavior=maytrap -gdwarf-4 -g -O2
/workspace/scratch/94ffb2b0bb2d/madeira-desktop-overlay-build/toolchains/llvm-mingw-20260421-ucrt-ubuntu-22.04-x86_64/bin/clang -D__STDC__ -c -o libs/compiler-rt/aarch64-windows/lib/builtins/udivti3.o /workspace/scratch/94ffb2b0bb2d/madeira-msi-patched-provider-build-20261005/wine/libs/compiler-rt/lib/builtins/udivti3.c \
  -Ilibs/compiler-rt \
  -I/workspace/scratch/94ffb2b0bb2d/madeira-msi-patched-provider-build-20261005/wine/libs/compiler-rt \
  -Iinclude \
  -I/workspace/scratch/94ffb2b0bb2d/madeira-msi-patched-provider-build-20261005/wine/include \
  -I/workspace/scratch/94ffb2b0bb2d/madeira-msi-patched-provider-build-20261005/wine/include/msvcrt \
  -D_UCRT -D__WINE_PE_BUILD -target aarch64-windows -fuse-ld=lld --no-default-config \
  -fno-strict-aliasing -Wno-microsoft-enum-forward-reference -ffunction-sections -fasync-exceptions \
  -ffp-exception-behavior=maytrap -gdwarf-4 -g -O2
/workspace/scratch/94ffb2b0bb2d/madeira-desktop-overlay-build/toolchains/llvm-mingw-20260421-ucrt-ubuntu-22.04-x86_64/bin/clang -D__STDC__ -c -o libs/compiler-rt/aarch64-windows/lib/builtins/umoddi3.o /workspace/scratch/94ffb2b0bb2d/madeira-msi-patched-provider-build-20261005/wine/libs/compiler-rt/lib/builtins/umoddi3.c \
  -Ilibs/compiler-rt \
  -I/workspace/scratch/94ffb2b0bb2d/madeira-msi-patched-provider-build-20261005/wine/libs/compiler-rt \
  -Iinclude \
  -I/workspace/scratch/94ffb2b0bb2d/madeira-msi-patched-provider-build-20261005/wine/include \
  -I/workspace/scratch/94ffb2b0bb2d/madeira-msi-patched-provider-build-20261005/wine/include/msvcrt \
  -D_UCRT -D__WINE_PE_BUILD -target aarch64-windows -fuse-ld=lld --no-default-config \
  -fno-strict-aliasing -Wno-microsoft-enum-forward-reference -ffunction-sections -fasync-exceptions \
  -ffp-exception-behavior=maytrap -gdwarf-4 -g -O2
/workspace/scratch/94ffb2b0bb2d/madeira-desktop-overlay-build/toolchains/llvm-mingw-20260421-ucrt-ubuntu-22.04-x86_64/bin/clang -D__STDC__ -c -o libs/compiler-rt/aarch64-windows/lib/builtins/umodsi3.o /workspace/scratch/94ffb2b0bb2d/madeira-msi-patched-provider-build-20261005/wine/libs/compiler-rt/lib/builtins/umodsi3.c \
  -Ilibs/compiler-rt \
  -I/workspace/scratch/94ffb2b0bb2d/madeira-msi-patched-provider-build-20261005/wine/libs/compiler-rt \
  -Iinclude \
  -I/workspace/scratch/94ffb2b0bb2d/madeira-msi-patched-provider-build-20261005/wine/include \
  -I/workspace/scratch/94ffb2b0bb2d/madeira-msi-patched-provider-build-20261005/wine/include/msvcrt \
  -D_UCRT -D__WINE_PE_BUILD -target aarch64-windows -fuse-ld=lld --no-default-config \
  -fno-strict-aliasing -Wno-microsoft-enum-forward-reference -ffunction-sections -fasync-exceptions \
  -ffp-exception-behavior=maytrap -gdwarf-4 -g -O2
/workspace/scratch/94ffb2b0bb2d/madeira-desktop-overlay-build/toolchains/llvm-mingw-20260421-ucrt-ubuntu-22.04-x86_64/bin/clang -D__STDC__ -c -o libs/compiler-rt/aarch64-windows/lib/builtins/umodti3.o /workspace/scratch/94ffb2b0bb2d/madeira-msi-patched-provider-build-20261005/wine/libs/compiler-rt/lib/builtins/umodti3.c \
  -Ilibs/compiler-rt \
  -I/workspace/scratch/94ffb2b0bb2d/madeira-msi-patched-provider-build-20261005/wine/libs/compiler-rt \
  -Iinclude \
  -I/workspace/scratch/94ffb2b0bb2d/madeira-msi-patched-provider-build-20261005/wine/include \
  -I/workspace/scratch/94ffb2b0bb2d/madeira-msi-patched-provider-build-20261005/wine/include/msvcrt \
  -D_UCRT -D__WINE_PE_BUILD -target aarch64-windows -fuse-ld=lld --no-default-config \
  -fno-strict-aliasing -Wno-microsoft-enum-forward-reference -ffunction-sections -fasync-exceptions \
  -ffp-exception-behavior=maytrap -gdwarf-4 -g -O2
/workspace/scratch/94ffb2b0bb2d/madeira-desktop-overlay-build/toolchains/llvm-mingw-20260421-ucrt-ubuntu-22.04-x86_64/bin/clang -D__STDC__ -c -o dlls/ucrtbase/aarch64-windows/atexit.o /workspace/scratch/94ffb2b0bb2d/madeira-msi-patched-provider-build-20261005/wine/dlls/ucrtbase/atexit.c \
  -Idlls/ucrtbase \
  -I/workspace/scratch/94ffb2b0bb2d/madeira-msi-patched-provider-build-20261005/wine/dlls/ucrtbase \
  -I/workspace/scratch/94ffb2b0bb2d/madeira-msi-patched-provider-build-20261005/wine/dlls/msvcrt \
  -Iinclude \
  -I/workspace/scratch/94ffb2b0bb2d/madeira-msi-patched-provider-build-20261005/wine/include \
  -I/workspace/scratch/94ffb2b0bb2d/madeira-msi-patched-provider-build-20261005/wine/include/msvcrt \
  -D_UCRT -D__WINESRC__ -D_CRTIMP= -D__WINE_PE_BUILD -Wall -target aarch64-windows -fuse-ld=lld \
  --no-default-config -fno-strict-aliasing -Wdeclaration-after-statement -Wempty-body \
  -Wignored-qualifiers -Winit-self -Wno-microsoft-enum-forward-reference -Wstrict-prototypes \
  -Wtype-limits -Wunused-but-set-parameter -Wvla -Wwrite-strings -Wpointer-arith -Wabsolute-value \
  -ffunction-sections -fasync-exceptions -ffp-exception-behavior=maytrap -gdwarf-4 -fno-builtin \
  -g -O2
/workspace/scratch/94ffb2b0bb2d/madeira-desktop-overlay-build/toolchains/llvm-mingw-20260421-ucrt-ubuntu-22.04-x86_64/bin/clang -D__STDC__ -c -o dlls/ucrtbase/aarch64-windows/crt_gccmain.o /workspace/scratch/94ffb2b0bb2d/madeira-msi-patched-provider-build-20261005/wine/dlls/msvcrt/crt_gccmain.c \
  -Idlls/ucrtbase \
  -I/workspace/scratch/94ffb2b0bb2d/madeira-msi-patched-provider-build-20261005/wine/dlls/ucrtbase \
  -I/workspace/scratch/94ffb2b0bb2d/madeira-msi-patched-provider-build-20261005/wine/dlls/msvcrt \
  -Iinclude \
  -I/workspace/scratch/94ffb2b0bb2d/madeira-msi-patched-provider-build-20261005/wine/include \
  -I/workspace/scratch/94ffb2b0bb2d/madeira-msi-patched-provider-build-20261005/wine/include/msvcrt \
  -D_UCRT -D__WINESRC__ -D_CRTIMP= -D__WINE_PE_BUILD -Wall -target aarch64-windows -fuse-ld=lld \
  --no-default-config -fno-strict-aliasing -Wdeclaration-after-statement -Wempty-body \
  -Wignored-qualifiers -Winit-self -Wno-microsoft-enum-forward-reference -Wstrict-prototypes \
  -Wtype-limits -Wunused-but-set-parameter -Wvla -Wwrite-strings -Wpointer-arith -Wabsolute-value \
  -ffunction-sections -fasync-exceptions -ffp-exception-behavior=maytrap -gdwarf-4 -fno-builtin \
  -g -O2
/workspace/scratch/94ffb2b0bb2d/madeira-desktop-overlay-build/toolchains/llvm-mingw-20260421-ucrt-ubuntu-22.04-x86_64/bin/clang -D__STDC__ -c -o dlls/ucrtbase/aarch64-windows/crt_main.o /workspace/scratch/94ffb2b0bb2d/madeira-msi-patched-provider-build-20261005/wine/dlls/msvcrt/crt_main.c \
  -Idlls/ucrtbase \
  -I/workspace/scratch/94ffb2b0bb2d/madeira-msi-patched-provider-build-20261005/wine/dlls/ucrtbase \
  -I/workspace/scratch/94ffb2b0bb2d/madeira-msi-patched-provider-build-20261005/wine/dlls/msvcrt \
  -Iinclude \
  -I/workspace/scratch/94ffb2b0bb2d/madeira-msi-patched-provider-build-20261005/wine/include \
  -I/workspace/scratch/94ffb2b0bb2d/madeira-msi-patched-provider-build-20261005/wine/include/msvcrt \
  -D_UCRT -D__WINESRC__ -D_CRTIMP= -D__WINE_PE_BUILD -Wall -target aarch64-windows -fuse-ld=lld \
  --no-default-config -fno-strict-aliasing -Wdeclaration-after-statement -Wempty-body \
  -Wignored-qualifiers -Winit-self -Wno-microsoft-enum-forward-reference -Wstrict-prototypes \
  -Wtype-limits -Wunused-but-set-parameter -Wvla -Wwrite-strings -Wpointer-arith -Wabsolute-value \
  -ffunction-sections -fasync-exceptions -ffp-exception-behavior=maytrap -gdwarf-4 -fno-builtin \
  -g -O2
/workspace/scratch/94ffb2b0bb2d/madeira-desktop-overlay-build/toolchains/llvm-mingw-20260421-ucrt-ubuntu-22.04-x86_64/bin/clang -D__STDC__ -c -o dlls/ucrtbase/aarch64-windows/crt_winmain.o /workspace/scratch/94ffb2b0bb2d/madeira-msi-patched-provider-build-20261005/wine/dlls/msvcrt/crt_winmain.c \
  -Idlls/ucrtbase \
  -I/workspace/scratch/94ffb2b0bb2d/madeira-msi-patched-provider-build-20261005/wine/dlls/ucrtbase \
  -I/workspace/scratch/94ffb2b0bb2d/madeira-msi-patched-provider-build-20261005/wine/dlls/msvcrt \
  -Iinclude \
  -I/workspace/scratch/94ffb2b0bb2d/madeira-msi-patched-provider-build-20261005/wine/include \
  -I/workspace/scratch/94ffb2b0bb2d/madeira-msi-patched-provider-build-20261005/wine/include/msvcrt \
  -D_UCRT -D__WINESRC__ -D_CRTIMP= -D__WINE_PE_BUILD -Wall -target aarch64-windows -fuse-ld=lld \
  --no-default-config -fno-strict-aliasing -Wdeclaration-after-statement -Wempty-body \
  -Wignored-qualifiers -Winit-self -Wno-microsoft-enum-forward-reference -Wstrict-prototypes \
  -Wtype-limits -Wunused-but-set-parameter -Wvla -Wwrite-strings -Wpointer-arith -Wabsolute-value \
  -ffunction-sections -fasync-exceptions -ffp-exception-behavior=maytrap -gdwarf-4 -fno-builtin \
  -g -O2
/workspace/scratch/94ffb2b0bb2d/madeira-desktop-overlay-build/toolchains/llvm-mingw-20260421-ucrt-ubuntu-22.04-x86_64/bin/clang -D__STDC__ -c -o dlls/ucrtbase/aarch64-windows/crt_wmain.o /workspace/scratch/94ffb2b0bb2d/madeira-msi-patched-provider-build-20261005/wine/dlls/msvcrt/crt_wmain.c \
  -Idlls/ucrtbase \
  -I/workspace/scratch/94ffb2b0bb2d/madeira-msi-patched-provider-build-20261005/wine/dlls/ucrtbase \
  -I/workspace/scratch/94ffb2b0bb2d/madeira-msi-patched-provider-build-20261005/wine/dlls/msvcrt \
  -Iinclude \
  -I/workspace/scratch/94ffb2b0bb2d/madeira-msi-patched-provider-build-20261005/wine/include \
  -I/workspace/scratch/94ffb2b0bb2d/madeira-msi-patched-provider-build-20261005/wine/include/msvcrt \
  -D_UCRT -D__WINESRC__ -D_CRTIMP= -D__WINE_PE_BUILD -Wall -target aarch64-windows -fuse-ld=lld \
  --no-default-config -fno-strict-aliasing -Wdeclaration-after-statement -Wempty-body \
  -Wignored-qualifiers -Winit-self -Wno-microsoft-enum-forward-reference -Wstrict-prototypes \
  -Wtype-limits -Wunused-but-set-parameter -Wvla -Wwrite-strings -Wpointer-arith -Wabsolute-value \
  -ffunction-sections -fasync-exceptions -ffp-exception-behavior=maytrap -gdwarf-4 -fno-builtin \
  -g -O2
/workspace/scratch/94ffb2b0bb2d/madeira-desktop-overlay-build/toolchains/llvm-mingw-20260421-ucrt-ubuntu-22.04-x86_64/bin/clang -D__STDC__ -c -o dlls/ucrtbase/aarch64-windows/crt_wwinmain.o /workspace/scratch/94ffb2b0bb2d/madeira-msi-patched-provider-build-20261005/wine/dlls/msvcrt/crt_wwinmain.c \
  -Idlls/ucrtbase \
  -I/workspace/scratch/94ffb2b0bb2d/madeira-msi-patched-provider-build-20261005/wine/dlls/ucrtbase \
  -I/workspace/scratch/94ffb2b0bb2d/madeira-msi-patched-provider-build-20261005/wine/dlls/msvcrt \
  -Iinclude \
  -I/workspace/scratch/94ffb2b0bb2d/madeira-msi-patched-provider-build-20261005/wine/include \
  -I/workspace/scratch/94ffb2b0bb2d/madeira-msi-patched-provider-build-20261005/wine/include/msvcrt \
  -D_UCRT -D__WINESRC__ -D_CRTIMP= -D__WINE_PE_BUILD -Wall -target aarch64-windows -fuse-ld=lld \
  --no-default-config -fno-strict-aliasing -Wdeclaration-after-statement -Wempty-body \
  -Wignored-qualifiers -Winit-self -Wno-microsoft-enum-forward-reference -Wstrict-prototypes \
  -Wtype-limits -Wunused-but-set-parameter -Wvla -Wwrite-strings -Wpointer-arith -Wabsolute-value \
  -ffunction-sections -fasync-exceptions -ffp-exception-behavior=maytrap -gdwarf-4 -fno-builtin \
  -g -O2
/workspace/scratch/94ffb2b0bb2d/madeira-desktop-overlay-build/toolchains/llvm-mingw-20260421-ucrt-ubuntu-22.04-x86_64/bin/clang -D__STDC__ -c -o dlls/ucrtbase/aarch64-windows/mathf.o /workspace/scratch/94ffb2b0bb2d/madeira-msi-patched-provider-build-20261005/wine/dlls/msvcrt/mathf.c \
  -Idlls/ucrtbase \
  -I/workspace/scratch/94ffb2b0bb2d/madeira-msi-patched-provider-build-20261005/wine/dlls/ucrtbase \
  -I/workspace/scratch/94ffb2b0bb2d/madeira-msi-patched-provider-build-20261005/wine/dlls/msvcrt \
  -Iinclude \
  -I/workspace/scratch/94ffb2b0bb2d/madeira-msi-patched-provider-build-20261005/wine/include \
  -I/workspace/scratch/94ffb2b0bb2d/madeira-msi-patched-provider-build-20261005/wine/include/msvcrt \
  -D_UCRT -D__WINESRC__ -D_CRTIMP= -D__WINE_PE_BUILD -Wall -target aarch64-windows -fuse-ld=lld \
  --no-default-config -fno-strict-aliasing -Wdeclaration-after-statement -Wempty-body \
  -Wignored-qualifiers -Winit-self -Wno-microsoft-enum-forward-reference -Wstrict-prototypes \
  -Wtype-limits -Wunused-but-set-parameter -Wvla -Wwrite-strings -Wpointer-arith -Wabsolute-value \
  -ffunction-sections -fasync-exceptions -ffp-exception-behavior=maytrap -gdwarf-4 -fno-builtin \
  -g -O2
/workspace/scratch/94ffb2b0bb2d/madeira-desktop-overlay-build/toolchains/llvm-mingw-20260421-ucrt-ubuntu-22.04-x86_64/bin/clang -D__STDC__ -c -o dlls/ucrtbase/aarch64-windows/printf.o /workspace/scratch/94ffb2b0bb2d/madeira-msi-patched-provider-build-20261005/wine/dlls/ucrtbase/printf.c \
  -Idlls/ucrtbase \
  -I/workspace/scratch/94ffb2b0bb2d/madeira-msi-patched-provider-build-20261005/wine/dlls/ucrtbase \
  -I/workspace/scratch/94ffb2b0bb2d/madeira-msi-patched-provider-build-20261005/wine/dlls/msvcrt \
  -Iinclude \
  -I/workspace/scratch/94ffb2b0bb2d/madeira-msi-patched-provider-build-20261005/wine/include \
  -I/workspace/scratch/94ffb2b0bb2d/madeira-msi-patched-provider-build-20261005/wine/include/msvcrt \
  -D_UCRT -D__WINESRC__ -D_CRTIMP= -D__WINE_PE_BUILD -Wall -target aarch64-windows -fuse-ld=lld \
  --no-default-config -fno-strict-aliasing -Wdeclaration-after-statement -Wempty-body \
  -Wignored-qualifiers -Winit-self -Wno-microsoft-enum-forward-reference -Wstrict-prototypes \
  -Wtype-limits -Wunused-but-set-parameter -Wvla -Wwrite-strings -Wpointer-arith -Wabsolute-value \
  -ffunction-sections -fasync-exceptions -ffp-exception-behavior=maytrap -gdwarf-4 -fno-builtin \
  -g -O2
/workspace/scratch/94ffb2b0bb2d/madeira-desktop-overlay-build/toolchains/llvm-mingw-20260421-ucrt-ubuntu-22.04-x86_64/bin/clang -D__STDC__ -c -o dlls/ucrtbase/aarch64-windows/sincos.o /workspace/scratch/94ffb2b0bb2d/madeira-msi-patched-provider-build-20261005/wine/dlls/msvcrt/sincos.c \
  -Idlls/ucrtbase \
  -I/workspace/scratch/94ffb2b0bb2d/madeira-msi-patched-provider-build-20261005/wine/dlls/ucrtbase \
  -I/workspace/scratch/94ffb2b0bb2d/madeira-msi-patched-provider-build-20261005/wine/dlls/msvcrt \
  -Iinclude \
  -I/workspace/scratch/94ffb2b0bb2d/madeira-msi-patched-provider-build-20261005/wine/include \
  -I/workspace/scratch/94ffb2b0bb2d/madeira-msi-patched-provider-build-20261005/wine/include/msvcrt \
  -D_UCRT -D__WINESRC__ -D_CRTIMP= -D__WINE_PE_BUILD -Wall -target aarch64-windows -fuse-ld=lld \
  --no-default-config -fno-strict-aliasing -Wdeclaration-after-statement -Wempty-body \
  -Wignored-qualifiers -Winit-self -Wno-microsoft-enum-forward-reference -Wstrict-prototypes \
  -Wtype-limits -Wunused-but-set-parameter -Wvla -Wwrite-strings -Wpointer-arith -Wabsolute-value \
  -ffunction-sections -fasync-exceptions -ffp-exception-behavior=maytrap -gdwarf-4 -fno-builtin \
  -g -O2
/usr/bin/cc -m64 -c -o tools/winegcc/winegcc.o /workspace/scratch/94ffb2b0bb2d/madeira-msi-patched-provider-build-20261005/wine/tools/winegcc/winegcc.c \
  -Itools/winegcc \
  -I/workspace/scratch/94ffb2b0bb2d/madeira-msi-patched-provider-build-20261005/wine/tools/winegcc \
  -Iinclude \
  -I/workspace/scratch/94ffb2b0bb2d/madeira-msi-patched-provider-build-20261005/wine/include \
  -D__WINESRC__ -DINCLUDEDIR="\"/usr/local/include\"" -DBINDIR="\"/usr/local/bin\"" -DLIBDIR="\"/usr/local/lib\"" \
  -DCC="\"/usr/bin/cc -m64\"" -DCPP="\"cpp\"" -DCXX="\"/usr/bin/c++ -m64\"" -DLD="\"/usr/bin/ld\"" \
  -DWINE_UNIX_LIB -Wall -pipe -fcf-protection=none -fvisibility=hidden -fno-stack-protector \
  -fno-strict-aliasing -Wdeclaration-after-statement -Wempty-body -Wignored-qualifiers -Winit-self \
  -Wlogical-op -Wno-packed-not-aligned -Wpointer-arith -Wshift-overflow=2 -Wstrict-prototypes \
  -Wtype-limits -Wunused-but-set-parameter -Wvla -Wwrite-strings -Wno-misleading-indentation \
  -O2
/workspace/scratch/94ffb2b0bb2d/madeira-desktop-overlay-build/toolchains/llvm-mingw-20260421-ucrt-ubuntu-22.04-x86_64/bin/clang -D__STDC__ -c -o dlls/cabinet/aarch64-windows/fdi.o /workspace/scratch/94ffb2b0bb2d/madeira-msi-patched-provider-build-20261005/wine/dlls/cabinet/fdi.c \
  -Idlls/cabinet \
  -I/workspace/scratch/94ffb2b0bb2d/madeira-msi-patched-provider-build-20261005/wine/dlls/cabinet \
  -Iinclude \
  -I/workspace/scratch/94ffb2b0bb2d/madeira-msi-patched-provider-build-20261005/wine/include \
  -I/workspace/scratch/94ffb2b0bb2d/madeira-msi-patched-provider-build-20261005/wine/include/msvcrt \
  -I/workspace/scratch/94ffb2b0bb2d/madeira-msi-patched-provider-build-20261005/wine/libs/zlib \
  -D_UCRT -D__WINESRC__ -DFAR= -DZ_SOLO -D__WINE_PE_BUILD -Wall -target aarch64-windows -fuse-ld=lld \
  --no-default-config -fno-strict-aliasing -Wdeclaration-after-statement -Wempty-body \
  -Wignored-qualifiers -Winit-self -Wno-microsoft-enum-forward-reference -Wstrict-prototypes \
  -Wtype-limits -Wunused-but-set-parameter -Wvla -Wwrite-strings -Wpointer-arith -Wabsolute-value \
  -ffunction-sections -fasync-exceptions -ffp-exception-behavior=maytrap -gdwarf-4 -g -O2
/workspace/scratch/94ffb2b0bb2d/madeira-desktop-overlay-build/toolchains/llvm-mingw-20260421-ucrt-ubuntu-22.04-x86_64/bin/clang -D__STDC__ -c -o dlls/sxs/aarch64-windows/sxs.o /workspace/scratch/94ffb2b0bb2d/madeira-msi-patched-provider-build-20261005/wine/dlls/sxs/sxs.c \
  -Idlls/sxs \
  -I/workspace/scratch/94ffb2b0bb2d/madeira-msi-patched-provider-build-20261005/wine/dlls/sxs \
  -Iinclude \
  -I/workspace/scratch/94ffb2b0bb2d/madeira-msi-patched-provider-build-20261005/wine/include \
  -I/workspace/scratch/94ffb2b0bb2d/madeira-msi-patched-provider-build-20261005/wine/include/msvcrt \
  -D_UCRT -D__WINESRC__ -D__WINE_PE_BUILD -Wall -target aarch64-windows -fuse-ld=lld \
  --no-default-config -fno-strict-aliasing -Wdeclaration-after-statement -Wempty-body \
  -Wignored-qualifiers -Winit-self -Wno-microsoft-enum-forward-reference -Wstrict-prototypes \
  -Wtype-limits -Wunused-but-set-parameter -Wvla -Wwrite-strings -Wpointer-arith -Wabsolute-value \
  -ffunction-sections -fasync-exceptions -ffp-exception-behavior=maytrap -gdwarf-4 -g -O2
/workspace/scratch/94ffb2b0bb2d/madeira-desktop-overlay-build/toolchains/llvm-mingw-20260421-ucrt-ubuntu-22.04-x86_64/bin/clang -D__STDC__ -c -o dlls/mspatcha/aarch64-windows/lzxd_dec.o /workspace/scratch/94ffb2b0bb2d/madeira-msi-patched-provider-build-20261005/wine/dlls/mspatcha/lzxd_dec.c \
  -Idlls/mspatcha \
  -I/workspace/scratch/94ffb2b0bb2d/madeira-msi-patched-provider-build-20261005/wine/dlls/mspatcha \
  -Iinclude \
  -I/workspace/scratch/94ffb2b0bb2d/madeira-msi-patched-provider-build-20261005/wine/include \
  -I/workspace/scratch/94ffb2b0bb2d/madeira-msi-patched-provider-build-20261005/wine/include/msvcrt \
  -D_UCRT -D__WINESRC__ -D__WINE_PE_BUILD -Wall -target aarch64-windows -fuse-ld=lld \
  --no-default-config -fno-strict-aliasing -Wdeclaration-after-statement -Wempty-body \
  -Wignored-qualifiers -Winit-self -Wno-microsoft-enum-forward-reference -Wstrict-prototypes \
  -Wtype-limits -Wunused-but-set-parameter -Wvla -Wwrite-strings -Wpointer-arith -Wabsolute-value \
  -ffunction-sections -fasync-exceptions -ffp-exception-behavior=maytrap -gdwarf-4 -g -O2
/workspace/scratch/94ffb2b0bb2d/madeira-desktop-overlay-build/toolchains/llvm-mingw-20260421-ucrt-ubuntu-22.04-x86_64/bin/clang -D__STDC__ -c -o dlls/mspatcha/aarch64-windows/mspatcha_main.o /workspace/scratch/94ffb2b0bb2d/madeira-msi-patched-provider-build-20261005/wine/dlls/mspatcha/mspatcha_main.c \
  -Idlls/mspatcha \
  -I/workspace/scratch/94ffb2b0bb2d/madeira-msi-patched-provider-build-20261005/wine/dlls/mspatcha \
  -Iinclude \
  -I/workspace/scratch/94ffb2b0bb2d/madeira-msi-patched-provider-build-20261005/wine/include \
  -I/workspace/scratch/94ffb2b0bb2d/madeira-msi-patched-provider-build-20261005/wine/include/msvcrt \
  -D_UCRT -D__WINESRC__ -D__WINE_PE_BUILD -Wall -target aarch64-windows -fuse-ld=lld \
  --no-default-config -fno-strict-aliasing -Wdeclaration-after-statement -Wempty-body \
  -Wignored-qualifiers -Winit-self -Wno-microsoft-enum-forward-reference -Wstrict-prototypes \
  -Wtype-limits -Wunused-but-set-parameter -Wvla -Wwrite-strings -Wpointer-arith -Wabsolute-value \
  -ffunction-sections -fasync-exceptions -ffp-exception-behavior=maytrap -gdwarf-4 -g -O2
/workspace/scratch/94ffb2b0bb2d/madeira-desktop-overlay-build/toolchains/llvm-mingw-20260421-ucrt-ubuntu-22.04-x86_64/bin/clang -D__STDC__ -c -o dlls/mspatcha/aarch64-windows/pa19.o /workspace/scratch/94ffb2b0bb2d/madeira-msi-patched-provider-build-20261005/wine/dlls/mspatcha/pa19.c \
  -Idlls/mspatcha \
  -I/workspace/scratch/94ffb2b0bb2d/madeira-msi-patched-provider-build-20261005/wine/dlls/mspatcha \
  -Iinclude \
  -I/workspace/scratch/94ffb2b0bb2d/madeira-msi-patched-provider-build-20261005/wine/include \
  -I/workspace/scratch/94ffb2b0bb2d/madeira-msi-patched-provider-build-20261005/wine/include/msvcrt \
  -D_UCRT -D__WINESRC__ -D__WINE_PE_BUILD -Wall -target aarch64-windows -fuse-ld=lld \
  --no-default-config -fno-strict-aliasing -Wdeclaration-after-statement -Wempty-body \
  -Wignored-qualifiers -Winit-self -Wno-microsoft-enum-forward-reference -Wstrict-prototypes \
  -Wtype-limits -Wunused-but-set-parameter -Wvla -Wwrite-strings -Wpointer-arith -Wabsolute-value \
  -ffunction-sections -fasync-exceptions -ffp-exception-behavior=maytrap -gdwarf-4 -g -O2
/workspace/scratch/94ffb2b0bb2d/madeira-desktop-overlay-build/toolchains/llvm-mingw-20260421-ucrt-ubuntu-22.04-x86_64/bin/clang -D__STDC__ -c -o dlls/odbccp32/aarch64-windows/odbccp32.o /workspace/scratch/94ffb2b0bb2d/madeira-msi-patched-provider-build-20261005/wine/dlls/odbccp32/odbccp32.c \
  -Idlls/odbccp32 \
  -I/workspace/scratch/94ffb2b0bb2d/madeira-msi-patched-provider-build-20261005/wine/dlls/odbccp32 \
  -Iinclude \
  -I/workspace/scratch/94ffb2b0bb2d/madeira-msi-patched-provider-build-20261005/wine/include \
  -I/workspace/scratch/94ffb2b0bb2d/madeira-msi-patched-provider-build-20261005/wine/include/msvcrt \
  -D_UCRT -D__WINESRC__ -D__WINE_PE_BUILD -Wall -target aarch64-windows -fuse-ld=lld \
  --no-default-config -fno-strict-aliasing -Wdeclaration-after-statement -Wempty-body \
  -Wignored-qualifiers -Winit-self -Wno-microsoft-enum-forward-reference -Wstrict-prototypes \
  -Wtype-limits -Wunused-but-set-parameter -Wvla -Wwrite-strings -Wpointer-arith -Wabsolute-value \
  -ffunction-sections -fasync-exceptions -ffp-exception-behavior=maytrap -gdwarf-4 -g -O2
/usr/bin/cc -m64 -c -o tools/widl/attribute.o /workspace/scratch/94ffb2b0bb2d/madeira-msi-patched-provider-build-20261005/wine/tools/widl/attribute.c \
  -Itools/widl \
  -I/workspace/scratch/94ffb2b0bb2d/madeira-msi-patched-provider-build-20261005/wine/tools/widl \
  -I/workspace/scratch/94ffb2b0bb2d/madeira-msi-patched-provider-build-20261005/wine/tools/wrc \
  -Iinclude \
  -I/workspace/scratch/94ffb2b0bb2d/madeira-msi-patched-provider-build-20261005/wine/include \
  -D__WINESRC__ -DWINE_UNIX_LIB -Wall -pipe -fcf-protection=none -fvisibility=hidden \
  -fno-stack-protector -fno-strict-aliasing -Wdeclaration-after-statement -Wempty-body \
  -Wignored-qualifiers -Winit-self -Wlogical-op -Wno-packed-not-aligned -Wpointer-arith \
  -Wshift-overflow=2 -Wstrict-prototypes -Wtype-limits -Wunused-but-set-parameter -Wvla \
  -Wwrite-strings -Wno-misleading-indentation -O2
/usr/bin/cc -m64 -c -o tools/widl/parser.yy.o tools/widl/parser.yy.c -Itools/widl \
  -I/workspace/scratch/94ffb2b0bb2d/madeira-msi-patched-provider-build-20261005/wine/tools/widl \
  -I/workspace/scratch/94ffb2b0bb2d/madeira-msi-patched-provider-build-20261005/wine/tools/wrc \
  -Iinclude \
  -I/workspace/scratch/94ffb2b0bb2d/madeira-msi-patched-provider-build-20261005/wine/include \
  -D__WINESRC__ -DWINE_UNIX_LIB -Wall -pipe -fcf-protection=none -fvisibility=hidden \
  -fno-stack-protector -fno-strict-aliasing -Wdeclaration-after-statement -Wempty-body \
  -Wignored-qualifiers -Winit-self -Wlogical-op -Wno-packed-not-aligned -Wpointer-arith \
  -Wshift-overflow=2 -Wstrict-prototypes -Wtype-limits -Wunused-but-set-parameter -Wvla \
  -Wwrite-strings -Wno-misleading-indentation -O2
/usr/bin/cc -m64 -c -o tools/widl/parser.tab.o tools/widl/parser.tab.c -Itools/widl \
  -I/workspace/scratch/94ffb2b0bb2d/madeira-msi-patched-provider-build-20261005/wine/tools/widl \
  -I/workspace/scratch/94ffb2b0bb2d/madeira-msi-patched-provider-build-20261005/wine/tools/wrc \
  -Iinclude \
  -I/workspace/scratch/94ffb2b0bb2d/madeira-msi-patched-provider-build-20261005/wine/include \
  -D__WINESRC__ -DWINE_UNIX_LIB -Wall -pipe -fcf-protection=none -fvisibility=hidden \
  -fno-stack-protector -fno-strict-aliasing -Wdeclaration-after-statement -Wempty-body \
  -Wignored-qualifiers -Winit-self -Wlogical-op -Wno-packed-not-aligned -Wpointer-arith \
  -Wshift-overflow=2 -Wstrict-prototypes -Wtype-limits -Wunused-but-set-parameter -Wvla \
  -Wwrite-strings -Wno-misleading-indentation -O2
/usr/bin/cc -m64 -c -o tools/widl/ppl.yy.o tools/widl/ppl.yy.c -Itools/widl \
  -I/workspace/scratch/94ffb2b0bb2d/madeira-msi-patched-provider-build-20261005/wine/tools/widl \
  -I/workspace/scratch/94ffb2b0bb2d/madeira-msi-patched-provider-build-20261005/wine/tools/wrc \
  -Iinclude \
  -I/workspace/scratch/94ffb2b0bb2d/madeira-msi-patched-provider-build-20261005/wine/include \
  -D__WINESRC__ -DWINE_UNIX_LIB -Wall -pipe -fcf-protection=none -fvisibility=hidden \
  -fno-stack-protector -fno-strict-aliasing -Wdeclaration-after-statement -Wempty-body \
  -Wignored-qualifiers -Winit-self -Wlogical-op -Wno-packed-not-aligned -Wpointer-arith \
  -Wshift-overflow=2 -Wstrict-prototypes -Wtype-limits -Wunused-but-set-parameter -Wvla \
  -Wwrite-strings -Wno-misleading-indentation -O2
/usr/bin/cc -m64 -c -o tools/widl/ppy.tab.o tools/widl/ppy.tab.c -Itools/widl \
  -I/workspace/scratch/94ffb2b0bb2d/madeira-msi-patched-provider-build-20261005/wine/tools/widl \
  -I/workspace/scratch/94ffb2b0bb2d/madeira-msi-patched-provider-build-20261005/wine/tools/wrc \
  -Iinclude \
  -I/workspace/scratch/94ffb2b0bb2d/madeira-msi-patched-provider-build-20261005/wine/include \
  -D__WINESRC__ -DWINE_UNIX_LIB -Wall -pipe -fcf-protection=none -fvisibility=hidden \
  -fno-stack-protector -fno-strict-aliasing -Wdeclaration-after-statement -Wempty-body \
  -Wignored-qualifiers -Winit-self -Wlogical-op -Wno-packed-not-aligned -Wpointer-arith \
  -Wshift-overflow=2 -Wstrict-prototypes -Wtype-limits -Wunused-but-set-parameter -Wvla \
  -Wwrite-strings -Wno-misleading-indentation -O2
/usr/bin/cc -m64 -c -o tools/wrc/parser.yy.o tools/wrc/parser.yy.c -Itools/wrc \
  -I/workspace/scratch/94ffb2b0bb2d/madeira-msi-patched-provider-build-20261005/wine/tools/wrc \
  -Iinclude \
  -I/workspace/scratch/94ffb2b0bb2d/madeira-msi-patched-provider-build-20261005/wine/include \
  -D__WINESRC__ -DWINE_UNIX_LIB -Wall -pipe -fcf-protection=none -fvisibility=hidden \
  -fno-stack-protector -fno-strict-aliasing -Wdeclaration-after-statement -Wempty-body \
  -Wignored-qualifiers -Winit-self -Wlogical-op -Wno-packed-not-aligned -Wpointer-arith \
  -Wshift-overflow=2 -Wstrict-prototypes -Wtype-limits -Wunused-but-set-parameter -Wvla \
  -Wwrite-strings -Wno-misleading-indentation -O2
/usr/bin/cc -m64 -c -o tools/wrc/parser.tab.o tools/wrc/parser.tab.c -Itools/wrc \
  -I/workspace/scratch/94ffb2b0bb2d/madeira-msi-patched-provider-build-20261005/wine/tools/wrc \
  -Iinclude \
  -I/workspace/scratch/94ffb2b0bb2d/madeira-msi-patched-provider-build-20261005/wine/include \
  -D__WINESRC__ -DWINE_UNIX_LIB -Wall -pipe -fcf-protection=none -fvisibility=hidden \
  -fno-stack-protector -fno-strict-aliasing -Wdeclaration-after-statement -Wempty-body \
  -Wignored-qualifiers -Winit-self -Wlogical-op -Wno-packed-not-aligned -Wpointer-arith \
  -Wshift-overflow=2 -Wstrict-prototypes -Wtype-limits -Wunused-but-set-parameter -Wvla \
  -Wwrite-strings -Wno-misleading-indentation -O2
/usr/bin/cc -m64 -c -o tools/wrc/ppl.yy.o tools/wrc/ppl.yy.c -Itools/wrc \
  -I/workspace/scratch/94ffb2b0bb2d/madeira-msi-patched-provider-build-20261005/wine/tools/wrc \
  -Iinclude \
  -I/workspace/scratch/94ffb2b0bb2d/madeira-msi-patched-provider-build-20261005/wine/include \
  -D__WINESRC__ -DWINE_UNIX_LIB -Wall -pipe -fcf-protection=none -fvisibility=hidden \
  -fno-stack-protector -fno-strict-aliasing -Wdeclaration-after-statement -Wempty-body \
  -Wignored-qualifiers -Winit-self -Wlogical-op -Wno-packed-not-aligned -Wpointer-arith \
  -Wshift-overflow=2 -Wstrict-prototypes -Wtype-limits -Wunused-but-set-parameter -Wvla \
  -Wwrite-strings -Wno-misleading-indentation -O2
/usr/bin/cc -m64 -c -o tools/wrc/ppy.tab.o tools/wrc/ppy.tab.c -Itools/wrc \
  -I/workspace/scratch/94ffb2b0bb2d/madeira-msi-patched-provider-build-20261005/wine/tools/wrc \
  -Iinclude \
  -I/workspace/scratch/94ffb2b0bb2d/madeira-msi-patched-provider-build-20261005/wine/include \
  -D__WINESRC__ -DWINE_UNIX_LIB -Wall -pipe -fcf-protection=none -fvisibility=hidden \
  -fno-stack-protector -fno-strict-aliasing -Wdeclaration-after-statement -Wempty-body \
  -Wignored-qualifiers -Winit-self -Wlogical-op -Wno-packed-not-aligned -Wpointer-arith \
  -Wshift-overflow=2 -Wstrict-prototypes -Wtype-limits -Wunused-but-set-parameter -Wvla \
  -Wwrite-strings -Wno-misleading-indentation -O2
/usr/bin/cc -m64 -o tools/winebuild/winebuild tools/winebuild/import.o tools/winebuild/main.o tools/winebuild/parser.o \
  tools/winebuild/relay.o tools/winebuild/res16.o tools/winebuild/res32.o tools/winebuild/spec16.o \
  tools/winebuild/spec32.o tools/winebuild/utils.o 
/usr/bin/cc -m64 -o tools/winegcc/winegcc tools/winegcc/winegcc.o 
tools/winebuild/winebuild -w --implib -o dlls/msi/aarch64-windows/libmsi.a \
  --cc-cmd="/workspace/scratch/94ffb2b0bb2d/madeira-desktop-overlay-build/toolchains/llvm-mingw-20260421-ucrt-ubuntu-22.04-x86_64/bin/clang -D__STDC__" \
  -b aarch64-windows --export \
  /workspace/scratch/94ffb2b0bb2d/madeira-msi-patched-provider-build-20261005/wine/dlls/msi/msi.spec
tools/winebuild/winebuild -w --implib -o dlls/kernelbase/aarch64-windows/libkernelbase.a \
  --cc-cmd="/workspace/scratch/94ffb2b0bb2d/madeira-desktop-overlay-build/toolchains/llvm-mingw-20260421-ucrt-ubuntu-22.04-x86_64/bin/clang -D__STDC__" \
  -b aarch64-windows --export \
  /workspace/scratch/94ffb2b0bb2d/madeira-msi-patched-provider-build-20261005/wine/dlls/kernelbase/kernelbase.spec
/usr/bin/cc -m64 -o tools/widl/widl tools/widl/attribute.o tools/widl/client.o tools/widl/expr.o tools/widl/hash.o \
  tools/widl/header.o tools/widl/metadata.o tools/widl/proxy.o tools/widl/register.o \
  tools/widl/server.o tools/widl/typegen.o tools/widl/typelib.o tools/widl/typetree.o \
  tools/widl/utils.o tools/widl/widl.o tools/widl/wpp.o tools/widl/write_msft.o \
  tools/widl/write_sltg.o tools/widl/parser.yy.o tools/widl/parser.tab.o tools/widl/ppl.yy.o \
  tools/widl/ppy.tab.o 
tools/winebuild/winebuild -w --implib -o dlls/urlmon/aarch64-windows/liburlmon.a \
  --cc-cmd="/workspace/scratch/94ffb2b0bb2d/madeira-desktop-overlay-build/toolchains/llvm-mingw-20260421-ucrt-ubuntu-22.04-x86_64/bin/clang -D__STDC__" \
  -b aarch64-windows --export \
  /workspace/scratch/94ffb2b0bb2d/madeira-msi-patched-provider-build-20261005/wine/dlls/urlmon/urlmon.spec
tools/winebuild/winebuild -w --implib -o dlls/wininet/aarch64-windows/libwininet.a \
  --cc-cmd="/workspace/scratch/94ffb2b0bb2d/madeira-desktop-overlay-build/toolchains/llvm-mingw-20260421-ucrt-ubuntu-22.04-x86_64/bin/clang -D__STDC__" \
  -b aarch64-windows --export \
  /workspace/scratch/94ffb2b0bb2d/madeira-msi-patched-provider-build-20261005/wine/dlls/wininet/wininet.spec
tools/winebuild/winebuild -w --implib -o dlls/comctl32/aarch64-windows/libcomctl32.a \
  --cc-cmd="/workspace/scratch/94ffb2b0bb2d/madeira-desktop-overlay-build/toolchains/llvm-mingw-20260421-ucrt-ubuntu-22.04-x86_64/bin/clang -D__STDC__" \
  -b aarch64-windows --export \
  /workspace/scratch/94ffb2b0bb2d/madeira-msi-patched-provider-build-20261005/wine/dlls/comctl32/comctl32.spec
tools/winebuild/winebuild -w --implib -o dlls/shell32/aarch64-windows/libshell32.a \
  --cc-cmd="/workspace/scratch/94ffb2b0bb2d/madeira-desktop-overlay-build/toolchains/llvm-mingw-20260421-ucrt-ubuntu-22.04-x86_64/bin/clang -D__STDC__" \
  -b aarch64-windows --export \
  /workspace/scratch/94ffb2b0bb2d/madeira-msi-patched-provider-build-20261005/wine/dlls/shell32/shell32.spec
tools/winebuild/winebuild -w --implib -o dlls/shlwapi/aarch64-windows/libshlwapi.a \
  --cc-cmd="/workspace/scratch/94ffb2b0bb2d/madeira-desktop-overlay-build/toolchains/llvm-mingw-20260421-ucrt-ubuntu-22.04-x86_64/bin/clang -D__STDC__" \
  -b aarch64-windows --export \
  /workspace/scratch/94ffb2b0bb2d/madeira-msi-patched-provider-build-20261005/wine/dlls/shlwapi/shlwapi.spec
tools/winebuild/winebuild -w --implib -o dlls/cabinet/aarch64-windows/libcabinet.a \
  --cc-cmd="/workspace/scratch/94ffb2b0bb2d/madeira-desktop-overlay-build/toolchains/llvm-mingw-20260421-ucrt-ubuntu-22.04-x86_64/bin/clang -D__STDC__" \
  -b aarch64-windows --export \
  /workspace/scratch/94ffb2b0bb2d/madeira-msi-patched-provider-build-20261005/wine/dlls/cabinet/cabinet.spec
tools/winebuild/winebuild -w --implib -o dlls/oleaut32/aarch64-windows/liboleaut32.a \
  --cc-cmd="/workspace/scratch/94ffb2b0bb2d/madeira-desktop-overlay-build/toolchains/llvm-mingw-20260421-ucrt-ubuntu-22.04-x86_64/bin/clang -D__STDC__" \
  -b aarch64-windows --export \
  /workspace/scratch/94ffb2b0bb2d/madeira-msi-patched-provider-build-20261005/wine/dlls/oleaut32/oleaut32.spec
tools/winebuild/winebuild -w --implib -o dlls/ole32/aarch64-windows/libole32.a \
  --cc-cmd="/workspace/scratch/94ffb2b0bb2d/madeira-desktop-overlay-build/toolchains/llvm-mingw-20260421-ucrt-ubuntu-22.04-x86_64/bin/clang -D__STDC__" \
  -b aarch64-windows --export \
  /workspace/scratch/94ffb2b0bb2d/madeira-msi-patched-provider-build-20261005/wine/dlls/ole32/ole32.spec
tools/winebuild/winebuild -w --implib -o dlls/version/aarch64-windows/libversion.a \
  --cc-cmd="/workspace/scratch/94ffb2b0bb2d/madeira-desktop-overlay-build/toolchains/llvm-mingw-20260421-ucrt-ubuntu-22.04-x86_64/bin/clang -D__STDC__" \
  -b aarch64-windows --export \
  /workspace/scratch/94ffb2b0bb2d/madeira-msi-patched-provider-build-20261005/wine/dlls/version/version.spec
tools/winebuild/winebuild -w --implib -o dlls/user32/aarch64-windows/libuser32.a \
  --cc-cmd="/workspace/scratch/94ffb2b0bb2d/madeira-desktop-overlay-build/toolchains/llvm-mingw-20260421-ucrt-ubuntu-22.04-x86_64/bin/clang -D__STDC__" \
  -b aarch64-windows --export \
  /workspace/scratch/94ffb2b0bb2d/madeira-msi-patched-provider-build-20261005/wine/dlls/user32/user32.spec
tools/winebuild/winebuild -w --implib -o dlls/gdi32/aarch64-windows/libgdi32.a \
  --cc-cmd="/workspace/scratch/94ffb2b0bb2d/madeira-desktop-overlay-build/toolchains/llvm-mingw-20260421-ucrt-ubuntu-22.04-x86_64/bin/clang -D__STDC__" \
  -b aarch64-windows --export \
  /workspace/scratch/94ffb2b0bb2d/madeira-msi-patched-provider-build-20261005/wine/dlls/gdi32/gdi32.spec
tools/winebuild/winebuild -w --implib -o dlls/advapi32/aarch64-windows/libadvapi32.a \
  --cc-cmd="/workspace/scratch/94ffb2b0bb2d/madeira-desktop-overlay-build/toolchains/llvm-mingw-20260421-ucrt-ubuntu-22.04-x86_64/bin/clang -D__STDC__" \
  -b aarch64-windows --export \
  /workspace/scratch/94ffb2b0bb2d/madeira-msi-patched-provider-build-20261005/wine/dlls/advapi32/advapi32.spec
tools/winebuild/winebuild -w --implib -o dlls/rpcrt4/aarch64-windows/librpcrt4.a \
  --cc-cmd="/workspace/scratch/94ffb2b0bb2d/madeira-desktop-overlay-build/toolchains/llvm-mingw-20260421-ucrt-ubuntu-22.04-x86_64/bin/clang -D__STDC__" \
  -b aarch64-windows --export \
  /workspace/scratch/94ffb2b0bb2d/madeira-msi-patched-provider-build-20261005/wine/dlls/rpcrt4/rpcrt4.spec
tools/winebuild/winebuild -w --implib -o dlls/sxs/aarch64-windows/libsxs.a \
  --cc-cmd="/workspace/scratch/94ffb2b0bb2d/madeira-desktop-overlay-build/toolchains/llvm-mingw-20260421-ucrt-ubuntu-22.04-x86_64/bin/clang -D__STDC__" \
  -b aarch64-windows --export \
  /workspace/scratch/94ffb2b0bb2d/madeira-msi-patched-provider-build-20261005/wine/dlls/sxs/sxs.spec
tools/winebuild/winebuild -w --implib -o dlls/imagehlp/aarch64-windows/libimagehlp.a \
  --cc-cmd="/workspace/scratch/94ffb2b0bb2d/madeira-desktop-overlay-build/toolchains/llvm-mingw-20260421-ucrt-ubuntu-22.04-x86_64/bin/clang -D__STDC__" \
  -b aarch64-windows --export \
  /workspace/scratch/94ffb2b0bb2d/madeira-msi-patched-provider-build-20261005/wine/dlls/imagehlp/imagehlp.spec
tools/winebuild/winebuild -w --implib -o dlls/mspatcha/aarch64-windows/libmspatcha.a \
  --cc-cmd="/workspace/scratch/94ffb2b0bb2d/madeira-desktop-overlay-build/toolchains/llvm-mingw-20260421-ucrt-ubuntu-22.04-x86_64/bin/clang -D__STDC__" \
  -b aarch64-windows --export \
  /workspace/scratch/94ffb2b0bb2d/madeira-msi-patched-provider-build-20261005/wine/dlls/mspatcha/mspatcha.spec
tools/winebuild/winebuild -w --implib -o dlls/odbccp32/aarch64-windows/libodbccp32.a \
  --cc-cmd="/workspace/scratch/94ffb2b0bb2d/madeira-desktop-overlay-build/toolchains/llvm-mingw-20260421-ucrt-ubuntu-22.04-x86_64/bin/clang -D__STDC__" \
  -b aarch64-windows --export \
  /workspace/scratch/94ffb2b0bb2d/madeira-msi-patched-provider-build-20261005/wine/dlls/odbccp32/odbccp32.spec
tools/winebuild/winebuild -w --implib -o dlls/wintrust/aarch64-windows/libwintrust.a \
  --cc-cmd="/workspace/scratch/94ffb2b0bb2d/madeira-desktop-overlay-build/toolchains/llvm-mingw-20260421-ucrt-ubuntu-22.04-x86_64/bin/clang -D__STDC__" \
  -b aarch64-windows --export \
  /workspace/scratch/94ffb2b0bb2d/madeira-msi-patched-provider-build-20261005/wine/dlls/wintrust/wintrust.spec
tools/winebuild/winebuild -w --implib -o dlls/crypt32/aarch64-windows/libcrypt32.a \
  --cc-cmd="/workspace/scratch/94ffb2b0bb2d/madeira-desktop-overlay-build/toolchains/llvm-mingw-20260421-ucrt-ubuntu-22.04-x86_64/bin/clang -D__STDC__" \
  -b aarch64-windows --export \
  /workspace/scratch/94ffb2b0bb2d/madeira-msi-patched-provider-build-20261005/wine/dlls/crypt32/crypt32.spec
tools/widl/widl -o include/atliface.h -m64 --nostdinc -Ldlls/\* -Iinclude \
  -I/workspace/scratch/94ffb2b0bb2d/madeira-msi-patched-provider-build-20261005/wine/include \
  -Iinclude \
  -I/workspace/scratch/94ffb2b0bb2d/madeira-msi-patched-provider-build-20261005/wine/include \
  -D__WINESRC__ \
  /workspace/scratch/94ffb2b0bb2d/madeira-msi-patched-provider-build-20261005/wine/include/atliface.idl
tools/winebuild/winebuild -w --implib -o dlls/ucrtbase/aarch64-windows/libucrtbase.a \
  --cc-cmd="/workspace/scratch/94ffb2b0bb2d/madeira-desktop-overlay-build/toolchains/llvm-mingw-20260421-ucrt-ubuntu-22.04-x86_64/bin/clang -D__STDC__" \
  -b aarch64-windows --export \
  /workspace/scratch/94ffb2b0bb2d/madeira-msi-patched-provider-build-20261005/wine/dlls/ucrtbase/ucrtbase.spec \
  dlls/ucrtbase/aarch64-windows/atexit.o dlls/ucrtbase/aarch64-windows/crt_gccmain.o \
  dlls/ucrtbase/aarch64-windows/crt_main.o dlls/ucrtbase/aarch64-windows/crt_winmain.o \
  dlls/ucrtbase/aarch64-windows/crt_wmain.o dlls/ucrtbase/aarch64-windows/crt_wwinmain.o \
  dlls/ucrtbase/aarch64-windows/mathf.o dlls/ucrtbase/aarch64-windows/printf.o \
  dlls/ucrtbase/aarch64-windows/sincos.o
tools/winebuild/winebuild -w --implib -o dlls/kernel32/aarch64-windows/libkernel32.a \
  --cc-cmd="/workspace/scratch/94ffb2b0bb2d/madeira-desktop-overlay-build/toolchains/llvm-mingw-20260421-ucrt-ubuntu-22.04-x86_64/bin/clang -D__STDC__" \
  -b aarch64-windows --export \
  /workspace/scratch/94ffb2b0bb2d/madeira-msi-patched-provider-build-20261005/wine/dlls/kernel32/kernel32.spec
tools/winebuild/winebuild -w --implib -o dlls/ntdll/aarch64-windows/libntdll.a \
  --cc-cmd="/workspace/scratch/94ffb2b0bb2d/madeira-desktop-overlay-build/toolchains/llvm-mingw-20260421-ucrt-ubuntu-22.04-x86_64/bin/clang -D__STDC__" \
  -b aarch64-windows --export \
  /workspace/scratch/94ffb2b0bb2d/madeira-msi-patched-provider-build-20261005/wine/dlls/ntdll/ntdll.spec
tools/widl/widl -o include/winsxs.h -m64 --nostdinc -Ldlls/\* -Iinclude \
  -I/workspace/scratch/94ffb2b0bb2d/madeira-msi-patched-provider-build-20261005/wine/include \
  -Iinclude \
  -I/workspace/scratch/94ffb2b0bb2d/madeira-msi-patched-provider-build-20261005/wine/include \
  -D__WINESRC__ \
  /workspace/scratch/94ffb2b0bb2d/madeira-msi-patched-provider-build-20261005/wine/include/winsxs.idl
tools/widl/widl -o include/wtypes.h -m64 --nostdinc -Ldlls/\* -Iinclude \
  -I/workspace/scratch/94ffb2b0bb2d/madeira-msi-patched-provider-build-20261005/wine/include \
  -Iinclude \
  -I/workspace/scratch/94ffb2b0bb2d/madeira-msi-patched-provider-build-20261005/wine/include \
  -D__WINESRC__ \
  /workspace/scratch/94ffb2b0bb2d/madeira-msi-patched-provider-build-20261005/wine/include/wtypes.idl
tools/widl/widl -o include/wtypesbase.h -m64 --nostdinc -Ldlls/\* -Iinclude \
  -I/workspace/scratch/94ffb2b0bb2d/madeira-msi-patched-provider-build-20261005/wine/include \
  -Iinclude \
  -I/workspace/scratch/94ffb2b0bb2d/madeira-msi-patched-provider-build-20261005/wine/include \
  -D__WINESRC__ \
  /workspace/scratch/94ffb2b0bb2d/madeira-msi-patched-provider-build-20261005/wine/include/wtypesbase.idl
tools/widl/widl -o include/objidlbase.h -m64 --nostdinc -Ldlls/\* -Iinclude \
  -I/workspace/scratch/94ffb2b0bb2d/madeira-msi-patched-provider-build-20261005/wine/include \
  -Iinclude \
  -I/workspace/scratch/94ffb2b0bb2d/madeira-msi-patched-provider-build-20261005/wine/include \
  -D__WINESRC__ \
  /workspace/scratch/94ffb2b0bb2d/madeira-msi-patched-provider-build-20261005/wine/include/objidlbase.idl
tools/widl/widl -o include/unknwn.h -m64 --nostdinc -Ldlls/\* -Iinclude \
  -I/workspace/scratch/94ffb2b0bb2d/madeira-msi-patched-provider-build-20261005/wine/include \
  -Iinclude \
  -I/workspace/scratch/94ffb2b0bb2d/madeira-msi-patched-provider-build-20261005/wine/include \
  -D__WINESRC__ \
  /workspace/scratch/94ffb2b0bb2d/madeira-msi-patched-provider-build-20261005/wine/include/unknwn.idl
tools/widl/widl -o include/objidl.h -m64 --nostdinc -Ldlls/\* -Iinclude \
  -I/workspace/scratch/94ffb2b0bb2d/madeira-msi-patched-provider-build-20261005/wine/include \
  -Iinclude \
  -I/workspace/scratch/94ffb2b0bb2d/madeira-msi-patched-provider-build-20261005/wine/include \
  -D__WINESRC__ \
  /workspace/scratch/94ffb2b0bb2d/madeira-msi-patched-provider-build-20261005/wine/include/objidl.idl
tools/widl/widl -o include/urlmon.h -m64 --nostdinc -Ldlls/\* -Iinclude \
  -I/workspace/scratch/94ffb2b0bb2d/madeira-msi-patched-provider-build-20261005/wine/include \
  -Iinclude \
  -I/workspace/scratch/94ffb2b0bb2d/madeira-msi-patched-provider-build-20261005/wine/include \
  -D__WINESRC__ \
  /workspace/scratch/94ffb2b0bb2d/madeira-msi-patched-provider-build-20261005/wine/include/urlmon.idl
tools/widl/widl -o include/oleidl.h -m64 --nostdinc -Ldlls/\* -Iinclude \
  -I/workspace/scratch/94ffb2b0bb2d/madeira-msi-patched-provider-build-20261005/wine/include \
  -Iinclude \
  -I/workspace/scratch/94ffb2b0bb2d/madeira-msi-patched-provider-build-20261005/wine/include \
  -D__WINESRC__ \
  /workspace/scratch/94ffb2b0bb2d/madeira-msi-patched-provider-build-20261005/wine/include/oleidl.idl
tools/widl/widl -o include/servprov.h -m64 --nostdinc -Ldlls/\* -Iinclude \
  -I/workspace/scratch/94ffb2b0bb2d/madeira-msi-patched-provider-build-20261005/wine/include \
  -Iinclude \
  -I/workspace/scratch/94ffb2b0bb2d/madeira-msi-patched-provider-build-20261005/wine/include \
  -D__WINESRC__ \
  /workspace/scratch/94ffb2b0bb2d/madeira-msi-patched-provider-build-20261005/wine/include/servprov.idl
tools/widl/widl -o include/msxml.h -m64 --nostdinc -Ldlls/\* -Iinclude \
  -I/workspace/scratch/94ffb2b0bb2d/madeira-msi-patched-provider-build-20261005/wine/include \
  -Iinclude \
  -I/workspace/scratch/94ffb2b0bb2d/madeira-msi-patched-provider-build-20261005/wine/include \
  -D__WINESRC__ \
  /workspace/scratch/94ffb2b0bb2d/madeira-msi-patched-provider-build-20261005/wine/include/msxml.idl
tools/widl/widl -o include/oaidl.h -m64 --nostdinc -Ldlls/\* -Iinclude \
  -I/workspace/scratch/94ffb2b0bb2d/madeira-msi-patched-provider-build-20261005/wine/include \
  -Iinclude \
  -I/workspace/scratch/94ffb2b0bb2d/madeira-msi-patched-provider-build-20261005/wine/include \
  -D__WINESRC__ \
  /workspace/scratch/94ffb2b0bb2d/madeira-msi-patched-provider-build-20261005/wine/include/oaidl.idl
tools/widl/widl -o include/propidl.h -m64 --nostdinc -Ldlls/\* -Iinclude \
  -I/workspace/scratch/94ffb2b0bb2d/madeira-msi-patched-provider-build-20261005/wine/include \
  -Iinclude \
  -I/workspace/scratch/94ffb2b0bb2d/madeira-msi-patched-provider-build-20261005/wine/include \
  -D__WINESRC__ \
  /workspace/scratch/94ffb2b0bb2d/madeira-msi-patched-provider-build-20261005/wine/include/propidl.idl
tools/widl/widl -o include/ocidl.h -m64 --nostdinc -Ldlls/\* -Iinclude \
  -I/workspace/scratch/94ffb2b0bb2d/madeira-msi-patched-provider-build-20261005/wine/include \
  -Iinclude \
  -I/workspace/scratch/94ffb2b0bb2d/madeira-msi-patched-provider-build-20261005/wine/include \
  -D__WINESRC__ \
  /workspace/scratch/94ffb2b0bb2d/madeira-msi-patched-provider-build-20261005/wine/include/ocidl.idl
tools/widl/widl -o include/docobj.h -m64 --nostdinc -Ldlls/\* -Iinclude \
  -I/workspace/scratch/94ffb2b0bb2d/madeira-msi-patched-provider-build-20261005/wine/include \
  -Iinclude \
  -I/workspace/scratch/94ffb2b0bb2d/madeira-msi-patched-provider-build-20261005/wine/include \
  -D__WINESRC__ \
  /workspace/scratch/94ffb2b0bb2d/madeira-msi-patched-provider-build-20261005/wine/include/docobj.idl
tools/widl/widl -o include/shldisp.h -m64 --nostdinc -Ldlls/\* -Iinclude \
  -I/workspace/scratch/94ffb2b0bb2d/madeira-msi-patched-provider-build-20261005/wine/include \
  -Iinclude \
  -I/workspace/scratch/94ffb2b0bb2d/madeira-msi-patched-provider-build-20261005/wine/include \
  -D__WINESRC__ \
  /workspace/scratch/94ffb2b0bb2d/madeira-msi-patched-provider-build-20261005/wine/include/shldisp.idl
tools/widl/widl -o include/shtypes.h -m64 --nostdinc -Ldlls/\* -Iinclude \
  -I/workspace/scratch/94ffb2b0bb2d/madeira-msi-patched-provider-build-20261005/wine/include \
  -Iinclude \
  -I/workspace/scratch/94ffb2b0bb2d/madeira-msi-patched-provider-build-20261005/wine/include \
  -D__WINESRC__ \
  /workspace/scratch/94ffb2b0bb2d/madeira-msi-patched-provider-build-20261005/wine/include/shtypes.idl
tools/widl/widl -o include/shobjidl.h -m64 --nostdinc -Ldlls/\* -Iinclude \
  -I/workspace/scratch/94ffb2b0bb2d/madeira-msi-patched-provider-build-20261005/wine/include \
  -Iinclude \
  -I/workspace/scratch/94ffb2b0bb2d/madeira-msi-patched-provider-build-20261005/wine/include \
  -D__WINESRC__ \
  /workspace/scratch/94ffb2b0bb2d/madeira-msi-patched-provider-build-20261005/wine/include/shobjidl.idl
tools/widl/widl -o include/comcat.h -m64 --nostdinc -Ldlls/\* -Iinclude \
  -I/workspace/scratch/94ffb2b0bb2d/madeira-msi-patched-provider-build-20261005/wine/include \
  -Iinclude \
  -I/workspace/scratch/94ffb2b0bb2d/madeira-msi-patched-provider-build-20261005/wine/include \
  -D__WINESRC__ \
  /workspace/scratch/94ffb2b0bb2d/madeira-msi-patched-provider-build-20261005/wine/include/comcat.idl
tools/widl/widl -o include/propsys.h -m64 --nostdinc -Ldlls/\* -Iinclude \
  -I/workspace/scratch/94ffb2b0bb2d/madeira-msi-patched-provider-build-20261005/wine/include \
  -Iinclude \
  -I/workspace/scratch/94ffb2b0bb2d/madeira-msi-patched-provider-build-20261005/wine/include \
  -D__WINESRC__ \
  /workspace/scratch/94ffb2b0bb2d/madeira-msi-patched-provider-build-20261005/wine/include/propsys.idl
tools/widl/widl -o include/structuredquerycondition.h -m64 --nostdinc -Ldlls/\* -Iinclude \
  -I/workspace/scratch/94ffb2b0bb2d/madeira-msi-patched-provider-build-20261005/wine/include \
  -Iinclude \
  -I/workspace/scratch/94ffb2b0bb2d/madeira-msi-patched-provider-build-20261005/wine/include \
  -D__WINESRC__ \
  /workspace/scratch/94ffb2b0bb2d/madeira-msi-patched-provider-build-20261005/wine/include/structuredquerycondition.idl
tools/widl/widl -o include/objectarray.h -m64 --nostdinc -Ldlls/\* -Iinclude \
  -I/workspace/scratch/94ffb2b0bb2d/madeira-msi-patched-provider-build-20261005/wine/include \
  -Iinclude \
  -I/workspace/scratch/94ffb2b0bb2d/madeira-msi-patched-provider-build-20261005/wine/include \
  -D__WINESRC__ \
  /workspace/scratch/94ffb2b0bb2d/madeira-msi-patched-provider-build-20261005/wine/include/objectarray.idl
tools/widl/widl -o include/shobjidl_core.h -m64 --nostdinc -Ldlls/\* -Iinclude \
  -I/workspace/scratch/94ffb2b0bb2d/madeira-msi-patched-provider-build-20261005/wine/include \
  -Iinclude \
  -I/workspace/scratch/94ffb2b0bb2d/madeira-msi-patched-provider-build-20261005/wine/include \
  -D__WINESRC__ \
  /workspace/scratch/94ffb2b0bb2d/madeira-msi-patched-provider-build-20261005/wine/include/shobjidl_core.idl
tools/widl/widl -o include/mscoree.h -m64 --nostdinc -Ldlls/\* -Iinclude \
  -I/workspace/scratch/94ffb2b0bb2d/madeira-msi-patched-provider-build-20261005/wine/include \
  -Iinclude \
  -I/workspace/scratch/94ffb2b0bb2d/madeira-msi-patched-provider-build-20261005/wine/include \
  -D__WINESRC__ \
  /workspace/scratch/94ffb2b0bb2d/madeira-msi-patched-provider-build-20261005/wine/include/mscoree.idl
tools/widl/widl -o include/fusion.h -m64 --nostdinc -Ldlls/\* -Iinclude \
  -I/workspace/scratch/94ffb2b0bb2d/madeira-msi-patched-provider-build-20261005/wine/include \
  -Iinclude \
  -I/workspace/scratch/94ffb2b0bb2d/madeira-msi-patched-provider-build-20261005/wine/include \
  -D__WINESRC__ \
  /workspace/scratch/94ffb2b0bb2d/madeira-msi-patched-provider-build-20261005/wine/include/fusion.idl
tools/widl/widl -o dlls/msi/msiserver.h -m64 --nostdinc -Ldlls/\* -Idlls/msi \
  -I/workspace/scratch/94ffb2b0bb2d/madeira-msi-patched-provider-build-20261005/wine/dlls/msi \
  -Iinclude \
  -I/workspace/scratch/94ffb2b0bb2d/madeira-msi-patched-provider-build-20261005/wine/include \
  -I/workspace/scratch/94ffb2b0bb2d/madeira-msi-patched-provider-build-20261005/wine/include/msvcrt \
  -D_UCRT -D__WINESRC__ --prefix-server=s_ \
  /workspace/scratch/94ffb2b0bb2d/madeira-msi-patched-provider-build-20261005/wine/dlls/msi/msiserver.idl
tools/widl/widl -o dlls/msi/winemsi.h -m64 --nostdinc -Ldlls/\* -Idlls/msi \
  -I/workspace/scratch/94ffb2b0bb2d/madeira-msi-patched-provider-build-20261005/wine/dlls/msi \
  -Iinclude \
  -I/workspace/scratch/94ffb2b0bb2d/madeira-msi-patched-provider-build-20261005/wine/include \
  -I/workspace/scratch/94ffb2b0bb2d/madeira-msi-patched-provider-build-20261005/wine/include/msvcrt \
  -D_UCRT -D__WINESRC__ --prefix-server=s_ \
  /workspace/scratch/94ffb2b0bb2d/madeira-msi-patched-provider-build-20261005/wine/dlls/msi/winemsi.idl
tools/widl/widl -o include/activscp.h -m64 --nostdinc -Ldlls/\* -Iinclude \
  -I/workspace/scratch/94ffb2b0bb2d/madeira-msi-patched-provider-build-20261005/wine/include \
  -Iinclude \
  -I/workspace/scratch/94ffb2b0bb2d/madeira-msi-patched-provider-build-20261005/wine/include \
  -D__WINESRC__ \
  /workspace/scratch/94ffb2b0bb2d/madeira-msi-patched-provider-build-20261005/wine/include/activscp.idl
tools/widl/widl -o include/msxml2.h -m64 --nostdinc -Ldlls/\* -Iinclude \
  -I/workspace/scratch/94ffb2b0bb2d/madeira-msi-patched-provider-build-20261005/wine/include \
  -Iinclude \
  -I/workspace/scratch/94ffb2b0bb2d/madeira-msi-patched-provider-build-20261005/wine/include \
  -D__WINESRC__ \
  /workspace/scratch/94ffb2b0bb2d/madeira-msi-patched-provider-build-20261005/wine/include/msxml2.idl
/workspace/scratch/94ffb2b0bb2d/madeira-desktop-overlay-build/toolchains/llvm-mingw-20260421-ucrt-ubuntu-22.04-x86_64/bin/clang -D__STDC__ -c -o dlls/msi/aarch64-windows/msi_main.o /workspace/scratch/94ffb2b0bb2d/madeira-msi-patched-provider-build-20261005/wine/dlls/msi/msi_main.c \
  -Idlls/msi \
  -I/workspace/scratch/94ffb2b0bb2d/madeira-msi-patched-provider-build-20261005/wine/dlls/msi \
  -Iinclude \
  -I/workspace/scratch/94ffb2b0bb2d/madeira-msi-patched-provider-build-20261005/wine/include \
  -I/workspace/scratch/94ffb2b0bb2d/madeira-msi-patched-provider-build-20261005/wine/include/msvcrt \
  -D_UCRT -D__WINESRC__ -D__WINE_PE_BUILD -Wall -target aarch64-windows -fuse-ld=lld \
  --no-default-config -fno-strict-aliasing -Wdeclaration-after-statement -Wempty-body \
  -Wignored-qualifiers -Winit-self -Wno-microsoft-enum-forward-reference -Wstrict-prototypes \
  -Wtype-limits -Wunused-but-set-parameter -Wvla -Wwrite-strings -Wpointer-arith -Wabsolute-value \
  -ffunction-sections -fasync-exceptions -ffp-exception-behavior=maytrap -gdwarf-4 -g -O2
/workspace/scratch/94ffb2b0bb2d/madeira-desktop-overlay-build/toolchains/llvm-mingw-20260421-ucrt-ubuntu-22.04-x86_64/bin/clang -D__STDC__ -c -o dlls/msi/aarch64-windows/msiquery.o /workspace/scratch/94ffb2b0bb2d/madeira-msi-patched-provider-build-20261005/wine/dlls/msi/msiquery.c \
  -Idlls/msi \
  -I/workspace/scratch/94ffb2b0bb2d/madeira-msi-patched-provider-build-20261005/wine/dlls/msi \
  -Iinclude \
  -I/workspace/scratch/94ffb2b0bb2d/madeira-msi-patched-provider-build-20261005/wine/include \
  -I/workspace/scratch/94ffb2b0bb2d/madeira-msi-patched-provider-build-20261005/wine/include/msvcrt \
  -D_UCRT -D__WINESRC__ -D__WINE_PE_BUILD -Wall -target aarch64-windows -fuse-ld=lld \
  --no-default-config -fno-strict-aliasing -Wdeclaration-after-statement -Wempty-body \
  -Wignored-qualifiers -Winit-self -Wno-microsoft-enum-forward-reference -Wstrict-prototypes \
  -Wtype-limits -Wunused-but-set-parameter -Wvla -Wwrite-strings -Wpointer-arith -Wabsolute-value \
  -ffunction-sections -fasync-exceptions -ffp-exception-behavior=maytrap -gdwarf-4 -g -O2
/workspace/scratch/94ffb2b0bb2d/madeira-desktop-overlay-build/toolchains/llvm-mingw-20260421-ucrt-ubuntu-22.04-x86_64/bin/clang -D__STDC__ -c -o dlls/msi/aarch64-windows/patch.o /workspace/scratch/94ffb2b0bb2d/madeira-msi-patched-provider-build-20261005/wine/dlls/msi/patch.c \
  -Idlls/msi \
  -I/workspace/scratch/94ffb2b0bb2d/madeira-msi-patched-provider-build-20261005/wine/dlls/msi \
  -Iinclude \
  -I/workspace/scratch/94ffb2b0bb2d/madeira-msi-patched-provider-build-20261005/wine/include \
  -I/workspace/scratch/94ffb2b0bb2d/madeira-msi-patched-provider-build-20261005/wine/include/msvcrt \
  -D_UCRT -D__WINESRC__ -D__WINE_PE_BUILD -Wall -target aarch64-windows -fuse-ld=lld \
  --no-default-config -fno-strict-aliasing -Wdeclaration-after-statement -Wempty-body \
  -Wignored-qualifiers -Winit-self -Wno-microsoft-enum-forward-reference -Wstrict-prototypes \
  -Wtype-limits -Wunused-but-set-parameter -Wvla -Wwrite-strings -Wpointer-arith -Wabsolute-value \
  -ffunction-sections -fasync-exceptions -ffp-exception-behavior=maytrap -gdwarf-4 -g -O2
/workspace/scratch/94ffb2b0bb2d/madeira-desktop-overlay-build/toolchains/llvm-mingw-20260421-ucrt-ubuntu-22.04-x86_64/bin/clang -D__STDC__ -c -o dlls/msi/aarch64-windows/record.o /workspace/scratch/94ffb2b0bb2d/madeira-msi-patched-provider-build-20261005/wine/dlls/msi/record.c \
  -Idlls/msi \
  -I/workspace/scratch/94ffb2b0bb2d/madeira-msi-patched-provider-build-20261005/wine/dlls/msi \
  -Iinclude \
  -I/workspace/scratch/94ffb2b0bb2d/madeira-msi-patched-provider-build-20261005/wine/include \
  -I/workspace/scratch/94ffb2b0bb2d/madeira-msi-patched-provider-build-20261005/wine/include/msvcrt \
  -D_UCRT -D__WINESRC__ -D__WINE_PE_BUILD -Wall -target aarch64-windows -fuse-ld=lld \
  --no-default-config -fno-strict-aliasing -Wdeclaration-after-statement -Wempty-body \
  -Wignored-qualifiers -Winit-self -Wno-microsoft-enum-forward-reference -Wstrict-prototypes \
  -Wtype-limits -Wunused-but-set-parameter -Wvla -Wwrite-strings -Wpointer-arith -Wabsolute-value \
  -ffunction-sections -fasync-exceptions -ffp-exception-behavior=maytrap -gdwarf-4 -g -O2
/workspace/scratch/94ffb2b0bb2d/madeira-desktop-overlay-build/toolchains/llvm-mingw-20260421-ucrt-ubuntu-22.04-x86_64/bin/clang -D__STDC__ -c -o dlls/msi/aarch64-windows/registry.o /workspace/scratch/94ffb2b0bb2d/madeira-msi-patched-provider-build-20261005/wine/dlls/msi/registry.c \
  -Idlls/msi \
  -I/workspace/scratch/94ffb2b0bb2d/madeira-msi-patched-provider-build-20261005/wine/dlls/msi \
  -Iinclude \
  -I/workspace/scratch/94ffb2b0bb2d/madeira-msi-patched-provider-build-20261005/wine/include \
  -I/workspace/scratch/94ffb2b0bb2d/madeira-msi-patched-provider-build-20261005/wine/include/msvcrt \
  -D_UCRT -D__WINESRC__ -D__WINE_PE_BUILD -Wall -target aarch64-windows -fuse-ld=lld \
  --no-default-config -fno-strict-aliasing -Wdeclaration-after-statement -Wempty-body \
  -Wignored-qualifiers -Winit-self -Wno-microsoft-enum-forward-reference -Wstrict-prototypes \
  -Wtype-limits -Wunused-but-set-parameter -Wvla -Wwrite-strings -Wpointer-arith -Wabsolute-value \
  -ffunction-sections -fasync-exceptions -ffp-exception-behavior=maytrap -gdwarf-4 -g -O2
/workspace/scratch/94ffb2b0bb2d/madeira-desktop-overlay-build/toolchains/llvm-mingw-20260421-ucrt-ubuntu-22.04-x86_64/bin/clang -D__STDC__ -c -o dlls/msi/aarch64-windows/script.o /workspace/scratch/94ffb2b0bb2d/madeira-msi-patched-provider-build-20261005/wine/dlls/msi/script.c \
  -Idlls/msi \
  -I/workspace/scratch/94ffb2b0bb2d/madeira-msi-patched-provider-build-20261005/wine/dlls/msi \
  -Iinclude \
  -I/workspace/scratch/94ffb2b0bb2d/madeira-msi-patched-provider-build-20261005/wine/include \
  -I/workspace/scratch/94ffb2b0bb2d/madeira-msi-patched-provider-build-20261005/wine/include/msvcrt \
  -D_UCRT -D__WINESRC__ -D__WINE_PE_BUILD -Wall -target aarch64-windows -fuse-ld=lld \
  --no-default-config -fno-strict-aliasing -Wdeclaration-after-statement -Wempty-body \
  -Wignored-qualifiers -Winit-self -Wno-microsoft-enum-forward-reference -Wstrict-prototypes \
  -Wtype-limits -Wunused-but-set-parameter -Wvla -Wwrite-strings -Wpointer-arith -Wabsolute-value \
  -ffunction-sections -fasync-exceptions -ffp-exception-behavior=maytrap -gdwarf-4 -g -O2
/workspace/scratch/94ffb2b0bb2d/madeira-desktop-overlay-build/toolchains/llvm-mingw-20260421-ucrt-ubuntu-22.04-x86_64/bin/clang -D__STDC__ -c -o dlls/msi/aarch64-windows/select.o /workspace/scratch/94ffb2b0bb2d/madeira-msi-patched-provider-build-20261005/wine/dlls/msi/select.c \
  -Idlls/msi \
  -I/workspace/scratch/94ffb2b0bb2d/madeira-msi-patched-provider-build-20261005/wine/dlls/msi \
  -Iinclude \
  -I/workspace/scratch/94ffb2b0bb2d/madeira-msi-patched-provider-build-20261005/wine/include \
  -I/workspace/scratch/94ffb2b0bb2d/madeira-msi-patched-provider-build-20261005/wine/include/msvcrt \
  -D_UCRT -D__WINESRC__ -D__WINE_PE_BUILD -Wall -target aarch64-windows -fuse-ld=lld \
  --no-default-config -fno-strict-aliasing -Wdeclaration-after-statement -Wempty-body \
  -Wignored-qualifiers -Winit-self -Wno-microsoft-enum-forward-reference -Wstrict-prototypes \
  -Wtype-limits -Wunused-but-set-parameter -Wvla -Wwrite-strings -Wpointer-arith -Wabsolute-value \
  -ffunction-sections -fasync-exceptions -ffp-exception-behavior=maytrap -gdwarf-4 -g -O2
/workspace/scratch/94ffb2b0bb2d/madeira-desktop-overlay-build/toolchains/llvm-mingw-20260421-ucrt-ubuntu-22.04-x86_64/bin/clang -D__STDC__ -c -o dlls/msi/aarch64-windows/source.o /workspace/scratch/94ffb2b0bb2d/madeira-msi-patched-provider-build-20261005/wine/dlls/msi/source.c \
  -Idlls/msi \
  -I/workspace/scratch/94ffb2b0bb2d/madeira-msi-patched-provider-build-20261005/wine/dlls/msi \
  -Iinclude \
  -I/workspace/scratch/94ffb2b0bb2d/madeira-msi-patched-provider-build-20261005/wine/include \
  -I/workspace/scratch/94ffb2b0bb2d/madeira-msi-patched-provider-build-20261005/wine/include/msvcrt \
  -D_UCRT -D__WINESRC__ -D__WINE_PE_BUILD -Wall -target aarch64-windows -fuse-ld=lld \
  --no-default-config -fno-strict-aliasing -Wdeclaration-after-statement -Wempty-body \
  -Wignored-qualifiers -Winit-self -Wno-microsoft-enum-forward-reference -Wstrict-prototypes \
  -Wtype-limits -Wunused-but-set-parameter -Wvla -Wwrite-strings -Wpointer-arith -Wabsolute-value \
  -ffunction-sections -fasync-exceptions -ffp-exception-behavior=maytrap -gdwarf-4 -g -O2
/workspace/scratch/94ffb2b0bb2d/madeira-desktop-overlay-build/toolchains/llvm-mingw-20260421-ucrt-ubuntu-22.04-x86_64/bin/clang -D__STDC__ -c -o dlls/msi/aarch64-windows/storages.o /workspace/scratch/94ffb2b0bb2d/madeira-msi-patched-provider-build-20261005/wine/dlls/msi/storages.c \
  -Idlls/msi \
  -I/workspace/scratch/94ffb2b0bb2d/madeira-msi-patched-provider-build-20261005/wine/dlls/msi \
  -Iinclude \
  -I/workspace/scratch/94ffb2b0bb2d/madeira-msi-patched-provider-build-20261005/wine/include \
  -I/workspace/scratch/94ffb2b0bb2d/madeira-msi-patched-provider-build-20261005/wine/include/msvcrt \
  -D_UCRT -D__WINESRC__ -D__WINE_PE_BUILD -Wall -target aarch64-windows -fuse-ld=lld \
  --no-default-config -fno-strict-aliasing -Wdeclaration-after-statement -Wempty-body \
  -Wignored-qualifiers -Winit-self -Wno-microsoft-enum-forward-reference -Wstrict-prototypes \
  -Wtype-limits -Wunused-but-set-parameter -Wvla -Wwrite-strings -Wpointer-arith -Wabsolute-value \
  -ffunction-sections -fasync-exceptions -ffp-exception-behavior=maytrap -gdwarf-4 -g -O2
/workspace/scratch/94ffb2b0bb2d/madeira-desktop-overlay-build/toolchains/llvm-mingw-20260421-ucrt-ubuntu-22.04-x86_64/bin/clang -D__STDC__ -c -o dlls/msi/aarch64-windows/streams.o /workspace/scratch/94ffb2b0bb2d/madeira-msi-patched-provider-build-20261005/wine/dlls/msi/streams.c \
  -Idlls/msi \
  -I/workspace/scratch/94ffb2b0bb2d/madeira-msi-patched-provider-build-20261005/wine/dlls/msi \
  -Iinclude \
  -I/workspace/scratch/94ffb2b0bb2d/madeira-msi-patched-provider-build-20261005/wine/include \
  -I/workspace/scratch/94ffb2b0bb2d/madeira-msi-patched-provider-build-20261005/wine/include/msvcrt \
  -D_UCRT -D__WINESRC__ -D__WINE_PE_BUILD -Wall -target aarch64-windows -fuse-ld=lld \
  --no-default-config -fno-strict-aliasing -Wdeclaration-after-statement -Wempty-body \
  -Wignored-qualifiers -Winit-self -Wno-microsoft-enum-forward-reference -Wstrict-prototypes \
  -Wtype-limits -Wunused-but-set-parameter -Wvla -Wwrite-strings -Wpointer-arith -Wabsolute-value \
  -ffunction-sections -fasync-exceptions -ffp-exception-behavior=maytrap -gdwarf-4 -g -O2
/workspace/scratch/94ffb2b0bb2d/madeira-desktop-overlay-build/toolchains/llvm-mingw-20260421-ucrt-ubuntu-22.04-x86_64/bin/clang -D__STDC__ -c -o dlls/msi/aarch64-windows/string.o /workspace/scratch/94ffb2b0bb2d/madeira-msi-patched-provider-build-20261005/wine/dlls/msi/string.c \
  -Idlls/msi \
  -I/workspace/scratch/94ffb2b0bb2d/madeira-msi-patched-provider-build-20261005/wine/dlls/msi \
  -Iinclude \
  -I/workspace/scratch/94ffb2b0bb2d/madeira-msi-patched-provider-build-20261005/wine/include \
  -I/workspace/scratch/94ffb2b0bb2d/madeira-msi-patched-provider-build-20261005/wine/include/msvcrt \
  -D_UCRT -D__WINESRC__ -D__WINE_PE_BUILD -Wall -target aarch64-windows -fuse-ld=lld \
  --no-default-config -fno-strict-aliasing -Wdeclaration-after-statement -Wempty-body \
  -Wignored-qualifiers -Winit-self -Wno-microsoft-enum-forward-reference -Wstrict-prototypes \
  -Wtype-limits -Wunused-but-set-parameter -Wvla -Wwrite-strings -Wpointer-arith -Wabsolute-value \
  -ffunction-sections -fasync-exceptions -ffp-exception-behavior=maytrap -gdwarf-4 -g -O2
/workspace/scratch/94ffb2b0bb2d/madeira-desktop-overlay-build/toolchains/llvm-mingw-20260421-ucrt-ubuntu-22.04-x86_64/bin/clang -D__STDC__ -c -o dlls/msi/aarch64-windows/suminfo.o /workspace/scratch/94ffb2b0bb2d/madeira-msi-patched-provider-build-20261005/wine/dlls/msi/suminfo.c \
  -Idlls/msi \
  -I/workspace/scratch/94ffb2b0bb2d/madeira-msi-patched-provider-build-20261005/wine/dlls/msi \
  -Iinclude \
  -I/workspace/scratch/94ffb2b0bb2d/madeira-msi-patched-provider-build-20261005/wine/include \
  -I/workspace/scratch/94ffb2b0bb2d/madeira-msi-patched-provider-build-20261005/wine/include/msvcrt \
  -D_UCRT -D__WINESRC__ -D__WINE_PE_BUILD -Wall -target aarch64-windows -fuse-ld=lld \
  --no-default-config -fno-strict-aliasing -Wdeclaration-after-statement -Wempty-body \
  -Wignored-qualifiers -Winit-self -Wno-microsoft-enum-forward-reference -Wstrict-prototypes \
  -Wtype-limits -Wunused-but-set-parameter -Wvla -Wwrite-strings -Wpointer-arith -Wabsolute-value \
  -ffunction-sections -fasync-exceptions -ffp-exception-behavior=maytrap -gdwarf-4 -g -O2
/workspace/scratch/94ffb2b0bb2d/madeira-desktop-overlay-build/toolchains/llvm-mingw-20260421-ucrt-ubuntu-22.04-x86_64/bin/clang -D__STDC__ -c -o dlls/msi/aarch64-windows/table.o /workspace/scratch/94ffb2b0bb2d/madeira-msi-patched-provider-build-20261005/wine/dlls/msi/table.c \
  -Idlls/msi \
  -I/workspace/scratch/94ffb2b0bb2d/madeira-msi-patched-provider-build-20261005/wine/dlls/msi \
  -Iinclude \
  -I/workspace/scratch/94ffb2b0bb2d/madeira-msi-patched-provider-build-20261005/wine/include \
  -I/workspace/scratch/94ffb2b0bb2d/madeira-msi-patched-provider-build-20261005/wine/include/msvcrt \
  -D_UCRT -D__WINESRC__ -D__WINE_PE_BUILD -Wall -target aarch64-windows -fuse-ld=lld \
  --no-default-config -fno-strict-aliasing -Wdeclaration-after-statement -Wempty-body \
  -Wignored-qualifiers -Winit-self -Wno-microsoft-enum-forward-reference -Wstrict-prototypes \
  -Wtype-limits -Wunused-but-set-parameter -Wvla -Wwrite-strings -Wpointer-arith -Wabsolute-value \
  -ffunction-sections -fasync-exceptions -ffp-exception-behavior=maytrap -gdwarf-4 -g -O2
/workspace/scratch/94ffb2b0bb2d/madeira-desktop-overlay-build/toolchains/llvm-mingw-20260421-ucrt-ubuntu-22.04-x86_64/bin/clang -D__STDC__ -c -o dlls/msi/aarch64-windows/tokenize.o /workspace/scratch/94ffb2b0bb2d/madeira-msi-patched-provider-build-20261005/wine/dlls/msi/tokenize.c \
  -Idlls/msi \
  -I/workspace/scratch/94ffb2b0bb2d/madeira-msi-patched-provider-build-20261005/wine/dlls/msi \
  -Iinclude \
  -I/workspace/scratch/94ffb2b0bb2d/madeira-msi-patched-provider-build-20261005/wine/include \
  -I/workspace/scratch/94ffb2b0bb2d/madeira-msi-patched-provider-build-20261005/wine/include/msvcrt \
  -D_UCRT -D__WINESRC__ -D__WINE_PE_BUILD -Wall -target aarch64-windows -fuse-ld=lld \
  --no-default-config -fno-strict-aliasing -Wdeclaration-after-statement -Wempty-body \
  -Wignored-qualifiers -Winit-self -Wno-microsoft-enum-forward-reference -Wstrict-prototypes \
  -Wtype-limits -Wunused-but-set-parameter -Wvla -Wwrite-strings -Wpointer-arith -Wabsolute-value \
  -ffunction-sections -fasync-exceptions -ffp-exception-behavior=maytrap -gdwarf-4 -g -O2
/workspace/scratch/94ffb2b0bb2d/madeira-desktop-overlay-build/toolchains/llvm-mingw-20260421-ucrt-ubuntu-22.04-x86_64/bin/clang -D__STDC__ -c -o dlls/msi/aarch64-windows/update.o /workspace/scratch/94ffb2b0bb2d/madeira-msi-patched-provider-build-20261005/wine/dlls/msi/update.c \
  -Idlls/msi \
  -I/workspace/scratch/94ffb2b0bb2d/madeira-msi-patched-provider-build-20261005/wine/dlls/msi \
  -Iinclude \
  -I/workspace/scratch/94ffb2b0bb2d/madeira-msi-patched-provider-build-20261005/wine/include \
  -I/workspace/scratch/94ffb2b0bb2d/madeira-msi-patched-provider-build-20261005/wine/include/msvcrt \
  -D_UCRT -D__WINESRC__ -D__WINE_PE_BUILD -Wall -target aarch64-windows -fuse-ld=lld \
  --no-default-config -fno-strict-aliasing -Wdeclaration-after-statement -Wempty-body \
  -Wignored-qualifiers -Winit-self -Wno-microsoft-enum-forward-reference -Wstrict-prototypes \
  -Wtype-limits -Wunused-but-set-parameter -Wvla -Wwrite-strings -Wpointer-arith -Wabsolute-value \
  -ffunction-sections -fasync-exceptions -ffp-exception-behavior=maytrap -gdwarf-4 -g -O2
/workspace/scratch/94ffb2b0bb2d/madeira-desktop-overlay-build/toolchains/llvm-mingw-20260421-ucrt-ubuntu-22.04-x86_64/bin/clang -D__STDC__ -c -o dlls/msi/aarch64-windows/upgrade.o /workspace/scratch/94ffb2b0bb2d/madeira-msi-patched-provider-build-20261005/wine/dlls/msi/upgrade.c \
  -Idlls/msi \
  -I/workspace/scratch/94ffb2b0bb2d/madeira-msi-patched-provider-build-20261005/wine/dlls/msi \
  -Iinclude \
  -I/workspace/scratch/94ffb2b0bb2d/madeira-msi-patched-provider-build-20261005/wine/include \
  -I/workspace/scratch/94ffb2b0bb2d/madeira-msi-patched-provider-build-20261005/wine/include/msvcrt \
  -D_UCRT -D__WINESRC__ -D__WINE_PE_BUILD -Wall -target aarch64-windows -fuse-ld=lld \
  --no-default-config -fno-strict-aliasing -Wdeclaration-after-statement -Wempty-body \
  -Wignored-qualifiers -Winit-self -Wno-microsoft-enum-forward-reference -Wstrict-prototypes \
  -Wtype-limits -Wunused-but-set-parameter -Wvla -Wwrite-strings -Wpointer-arith -Wabsolute-value \
  -ffunction-sections -fasync-exceptions -ffp-exception-behavior=maytrap -gdwarf-4 -g -O2
/workspace/scratch/94ffb2b0bb2d/madeira-desktop-overlay-build/toolchains/llvm-mingw-20260421-ucrt-ubuntu-22.04-x86_64/bin/clang -D__STDC__ -c -o dlls/msi/aarch64-windows/where.o /workspace/scratch/94ffb2b0bb2d/madeira-msi-patched-provider-build-20261005/wine/dlls/msi/where.c \
  -Idlls/msi \
  -I/workspace/scratch/94ffb2b0bb2d/madeira-msi-patched-provider-build-20261005/wine/dlls/msi \
  -Iinclude \
  -I/workspace/scratch/94ffb2b0bb2d/madeira-msi-patched-provider-build-20261005/wine/include \
  -I/workspace/scratch/94ffb2b0bb2d/madeira-msi-patched-provider-build-20261005/wine/include/msvcrt \
  -D_UCRT -D__WINESRC__ -D__WINE_PE_BUILD -Wall -target aarch64-windows -fuse-ld=lld \
  --no-default-config -fno-strict-aliasing -Wdeclaration-after-statement -Wempty-body \
  -Wignored-qualifiers -Winit-self -Wno-microsoft-enum-forward-reference -Wstrict-prototypes \
  -Wtype-limits -Wunused-but-set-parameter -Wvla -Wwrite-strings -Wpointer-arith -Wabsolute-value \
  -ffunction-sections -fasync-exceptions -ffp-exception-behavior=maytrap -gdwarf-4 -g -O2
/workspace/scratch/94ffb2b0bb2d/madeira-desktop-overlay-build/toolchains/llvm-mingw-20260421-ucrt-ubuntu-22.04-x86_64/bin/clang -D__STDC__ -c -o dlls/msi/aarch64-windows/cond.tab.o dlls/msi/cond.tab.c -Idlls/msi \
  -I/workspace/scratch/94ffb2b0bb2d/madeira-msi-patched-provider-build-20261005/wine/dlls/msi \
  -Iinclude \
  -I/workspace/scratch/94ffb2b0bb2d/madeira-msi-patched-provider-build-20261005/wine/include \
  -I/workspace/scratch/94ffb2b0bb2d/madeira-msi-patched-provider-build-20261005/wine/include/msvcrt \
  -D_UCRT -D__WINESRC__ -D__WINE_PE_BUILD -Wall -target aarch64-windows -fuse-ld=lld \
  --no-default-config -fno-strict-aliasing -Wdeclaration-after-statement -Wempty-body \
  -Wignored-qualifiers -Winit-self -Wno-microsoft-enum-forward-reference -Wstrict-prototypes \
  -Wtype-limits -Wunused-but-set-parameter -Wvla -Wwrite-strings -Wpointer-arith -Wabsolute-value \
  -ffunction-sections -fasync-exceptions -ffp-exception-behavior=maytrap -gdwarf-4 -g -O2
tools/widl/widl -o dlls/msi/aarch64-windows/msiserver_i.c -b aarch64-windows --nostdinc -Ldlls/\* -Idlls/msi \
  -I/workspace/scratch/94ffb2b0bb2d/madeira-msi-patched-provider-build-20261005/wine/dlls/msi \
  -Iinclude \
  -I/workspace/scratch/94ffb2b0bb2d/madeira-msi-patched-provider-build-20261005/wine/include \
  -I/workspace/scratch/94ffb2b0bb2d/madeira-msi-patched-provider-build-20261005/wine/include/msvcrt \
  -D_UCRT -D__WINESRC__ --prefix-server=s_ \
  /workspace/scratch/94ffb2b0bb2d/madeira-msi-patched-provider-build-20261005/wine/dlls/msi/msiserver.idl
/workspace/scratch/94ffb2b0bb2d/madeira-desktop-overlay-build/toolchains/llvm-mingw-20260421-ucrt-ubuntu-22.04-x86_64/bin/clang -D__STDC__ -c -o dlls/msi/aarch64-windows/sql.tab.o dlls/msi/sql.tab.c -Idlls/msi \
  -I/workspace/scratch/94ffb2b0bb2d/madeira-msi-patched-provider-build-20261005/wine/dlls/msi \
  -Iinclude \
  -I/workspace/scratch/94ffb2b0bb2d/madeira-msi-patched-provider-build-20261005/wine/include \
  -I/workspace/scratch/94ffb2b0bb2d/madeira-msi-patched-provider-build-20261005/wine/include/msvcrt \
  -D_UCRT -D__WINESRC__ -D__WINE_PE_BUILD -Wall -target aarch64-windows -fuse-ld=lld \
  --no-default-config -fno-strict-aliasing -Wdeclaration-after-statement -Wempty-body \
  -Wignored-qualifiers -Winit-self -Wno-microsoft-enum-forward-reference -Wstrict-prototypes \
  -Wtype-limits -Wunused-but-set-parameter -Wvla -Wwrite-strings -Wpointer-arith -Wabsolute-value \
  -ffunction-sections -fasync-exceptions -ffp-exception-behavior=maytrap -gdwarf-4 -g -O2
tools/widl/widl -o dlls/msi/aarch64-windows/winemsi_c.c -b aarch64-windows --nostdinc -Ldlls/\* -Idlls/msi \
  -I/workspace/scratch/94ffb2b0bb2d/madeira-msi-patched-provider-build-20261005/wine/dlls/msi \
  -Iinclude \
  -I/workspace/scratch/94ffb2b0bb2d/madeira-msi-patched-provider-build-20261005/wine/include \
  -I/workspace/scratch/94ffb2b0bb2d/madeira-msi-patched-provider-build-20261005/wine/include/msvcrt \
  -D_UCRT -D__WINESRC__ --prefix-server=s_ \
  /workspace/scratch/94ffb2b0bb2d/madeira-msi-patched-provider-build-20261005/wine/dlls/msi/winemsi.idl
tools/widl/widl -o dlls/msi/aarch64-windows/winemsi_s.c -b aarch64-windows --nostdinc -Ldlls/\* -Idlls/msi \
  -I/workspace/scratch/94ffb2b0bb2d/madeira-msi-patched-provider-build-20261005/wine/dlls/msi \
  -Iinclude \
  -I/workspace/scratch/94ffb2b0bb2d/madeira-msi-patched-provider-build-20261005/wine/include \
  -I/workspace/scratch/94ffb2b0bb2d/madeira-msi-patched-provider-build-20261005/wine/include/msvcrt \
  -D_UCRT -D__WINESRC__ --prefix-server=s_ \
  /workspace/scratch/94ffb2b0bb2d/madeira-msi-patched-provider-build-20261005/wine/dlls/msi/winemsi.idl
/usr/bin/cc -m64 -o tools/wrc/wrc tools/wrc/genres.o tools/wrc/newstruc.o tools/wrc/po.o tools/wrc/utils.o \
  tools/wrc/wpp.o tools/wrc/wrc.o tools/wrc/parser.yy.o tools/wrc/parser.tab.o tools/wrc/ppl.yy.o \
  tools/wrc/ppy.tab.o 
tools/widl/widl -o dlls/msi/aarch64-windows/msiserver_t.res -b aarch64-windows --nostdinc -Ldlls/\* -Idlls/msi \
  -I/workspace/scratch/94ffb2b0bb2d/madeira-msi-patched-provider-build-20261005/wine/dlls/msi \
  -Iinclude \
  -I/workspace/scratch/94ffb2b0bb2d/madeira-msi-patched-provider-build-20261005/wine/include \
  -I/workspace/scratch/94ffb2b0bb2d/madeira-msi-patched-provider-build-20261005/wine/include/msvcrt \
  -D_UCRT -D__WINESRC__ --prefix-server=s_ \
  /workspace/scratch/94ffb2b0bb2d/madeira-msi-patched-provider-build-20261005/wine/dlls/msi/msiserver.idl
tools/widl/widl -o dlls/msi/aarch64-windows/msiserver_r.res -b aarch64-windows --nostdinc -Ldlls/\* -Idlls/msi \
  -I/workspace/scratch/94ffb2b0bb2d/madeira-msi-patched-provider-build-20261005/wine/dlls/msi \
  -Iinclude \
  -I/workspace/scratch/94ffb2b0bb2d/madeira-msi-patched-provider-build-20261005/wine/include \
  -I/workspace/scratch/94ffb2b0bb2d/madeira-msi-patched-provider-build-20261005/wine/include/msvcrt \
  -D_UCRT -D__WINESRC__ --prefix-server=s_ \
  /workspace/scratch/94ffb2b0bb2d/madeira-msi-patched-provider-build-20261005/wine/dlls/msi/msiserver.idl
tools/wrc/wrc -u -o dlls/msi/version.res --nostdinc -Idlls/msi \
  -I/workspace/scratch/94ffb2b0bb2d/madeira-msi-patched-provider-build-20261005/wine/dlls/msi \
  -Iinclude \
  -I/workspace/scratch/94ffb2b0bb2d/madeira-msi-patched-provider-build-20261005/wine/include \
  -DVER_FILEDESCRIPTION_STR="\"Wine msi\"" -DVER_INTERNALNAME_STR="\"msi.dll\"" \
  -DVER_PRODUCTVERSION=4,5,6001,22308 \
  /workspace/scratch/94ffb2b0bb2d/madeira-msi-patched-provider-build-20261005/wine/include/common.ver
tools/widl/widl -o include/d3d10_1.h -m64 --nostdinc -Ldlls/\* -Iinclude \
  -I/workspace/scratch/94ffb2b0bb2d/madeira-msi-patched-provider-build-20261005/wine/include \
  -Iinclude \
  -I/workspace/scratch/94ffb2b0bb2d/madeira-msi-patched-provider-build-20261005/wine/include \
  -D__WINESRC__ \
  /workspace/scratch/94ffb2b0bb2d/madeira-msi-patched-provider-build-20261005/wine/include/d3d10_1.idl
tools/widl/widl -o include/d3d10.h -m64 --nostdinc -Ldlls/\* -Iinclude \
  -I/workspace/scratch/94ffb2b0bb2d/madeira-msi-patched-provider-build-20261005/wine/include \
  -Iinclude \
  -I/workspace/scratch/94ffb2b0bb2d/madeira-msi-patched-provider-build-20261005/wine/include \
  -D__WINESRC__ \
  /workspace/scratch/94ffb2b0bb2d/madeira-msi-patched-provider-build-20261005/wine/include/d3d10.idl
tools/widl/widl -o include/dxgi.h -m64 --nostdinc -Ldlls/\* -Iinclude \
  -I/workspace/scratch/94ffb2b0bb2d/madeira-msi-patched-provider-build-20261005/wine/include \
  -Iinclude \
  -I/workspace/scratch/94ffb2b0bb2d/madeira-msi-patched-provider-build-20261005/wine/include \
  -D__WINESRC__ \
  /workspace/scratch/94ffb2b0bb2d/madeira-msi-patched-provider-build-20261005/wine/include/dxgi.idl
tools/widl/widl -o include/dxgitype.h -m64 --nostdinc -Ldlls/\* -Iinclude \
  -I/workspace/scratch/94ffb2b0bb2d/madeira-msi-patched-provider-build-20261005/wine/include \
  -Iinclude \
  -I/workspace/scratch/94ffb2b0bb2d/madeira-msi-patched-provider-build-20261005/wine/include \
  -D__WINESRC__ \
  /workspace/scratch/94ffb2b0bb2d/madeira-msi-patched-provider-build-20261005/wine/include/dxgitype.idl
tools/widl/widl -o include/dxgicommon.h -m64 --nostdinc -Ldlls/\* -Iinclude \
  -I/workspace/scratch/94ffb2b0bb2d/madeira-msi-patched-provider-build-20261005/wine/include \
  -Iinclude \
  -I/workspace/scratch/94ffb2b0bb2d/madeira-msi-patched-provider-build-20261005/wine/include \
  -D__WINESRC__ \
  /workspace/scratch/94ffb2b0bb2d/madeira-msi-patched-provider-build-20261005/wine/include/dxgicommon.idl
tools/widl/widl -o include/dxgiformat.h -m64 --nostdinc -Ldlls/\* -Iinclude \
  -I/workspace/scratch/94ffb2b0bb2d/madeira-msi-patched-provider-build-20261005/wine/include \
  -Iinclude \
  -I/workspace/scratch/94ffb2b0bb2d/madeira-msi-patched-provider-build-20261005/wine/include \
  -D__WINESRC__ \
  /workspace/scratch/94ffb2b0bb2d/madeira-msi-patched-provider-build-20261005/wine/include/dxgiformat.idl
tools/widl/widl -o include/d3dcommon.h -m64 --nostdinc -Ldlls/\* -Iinclude \
  -I/workspace/scratch/94ffb2b0bb2d/madeira-msi-patched-provider-build-20261005/wine/include \
  -Iinclude \
  -I/workspace/scratch/94ffb2b0bb2d/madeira-msi-patched-provider-build-20261005/wine/include \
  -D__WINESRC__ \
  /workspace/scratch/94ffb2b0bb2d/madeira-msi-patched-provider-build-20261005/wine/include/d3dcommon.idl
tools/widl/widl -o include/d3d10sdklayers.h -m64 --nostdinc -Ldlls/\* -Iinclude \
  -I/workspace/scratch/94ffb2b0bb2d/madeira-msi-patched-provider-build-20261005/wine/include \
  -Iinclude \
  -I/workspace/scratch/94ffb2b0bb2d/madeira-msi-patched-provider-build-20261005/wine/include \
  -D__WINESRC__ \
  /workspace/scratch/94ffb2b0bb2d/madeira-msi-patched-provider-build-20261005/wine/include/d3d10sdklayers.idl
tools/widl/widl -o include/d3d10shader.h -m64 --nostdinc -Ldlls/\* -Iinclude \
  -I/workspace/scratch/94ffb2b0bb2d/madeira-msi-patched-provider-build-20261005/wine/include \
  -Iinclude \
  -I/workspace/scratch/94ffb2b0bb2d/madeira-msi-patched-provider-build-20261005/wine/include \
  -D__WINESRC__ \
  /workspace/scratch/94ffb2b0bb2d/madeira-msi-patched-provider-build-20261005/wine/include/d3d10shader.idl
tools/widl/widl -o include/d3d10effect.h -m64 --nostdinc -Ldlls/\* -Iinclude \
  -I/workspace/scratch/94ffb2b0bb2d/madeira-msi-patched-provider-build-20261005/wine/include \
  -Iinclude \
  -I/workspace/scratch/94ffb2b0bb2d/madeira-msi-patched-provider-build-20261005/wine/include \
  -D__WINESRC__ \
  /workspace/scratch/94ffb2b0bb2d/madeira-msi-patched-provider-build-20261005/wine/include/d3d10effect.idl
tools/widl/widl -o include/d2d1_3.h -m64 --nostdinc -Ldlls/\* -Iinclude \
  -I/workspace/scratch/94ffb2b0bb2d/madeira-msi-patched-provider-build-20261005/wine/include \
  -Iinclude \
  -I/workspace/scratch/94ffb2b0bb2d/madeira-msi-patched-provider-build-20261005/wine/include \
  -D__WINESRC__ \
  /workspace/scratch/94ffb2b0bb2d/madeira-msi-patched-provider-build-20261005/wine/include/d2d1_3.idl
tools/widl/widl -o include/d2d1_2.h -m64 --nostdinc -Ldlls/\* -Iinclude \
  -I/workspace/scratch/94ffb2b0bb2d/madeira-msi-patched-provider-build-20261005/wine/include \
  -Iinclude \
  -I/workspace/scratch/94ffb2b0bb2d/madeira-msi-patched-provider-build-20261005/wine/include \
  -D__WINESRC__ \
  /workspace/scratch/94ffb2b0bb2d/madeira-msi-patched-provider-build-20261005/wine/include/d2d1_2.idl
tools/widl/widl -o include/d2d1_1.h -m64 --nostdinc -Ldlls/\* -Iinclude \
  -I/workspace/scratch/94ffb2b0bb2d/madeira-msi-patched-provider-build-20261005/wine/include \
  -Iinclude \
  -I/workspace/scratch/94ffb2b0bb2d/madeira-msi-patched-provider-build-20261005/wine/include \
  -D__WINESRC__ \
  /workspace/scratch/94ffb2b0bb2d/madeira-msi-patched-provider-build-20261005/wine/include/d2d1_1.idl
tools/widl/widl -o include/d2d1.h -m64 --nostdinc -Ldlls/\* -Iinclude \
  -I/workspace/scratch/94ffb2b0bb2d/madeira-msi-patched-provider-build-20261005/wine/include \
  -Iinclude \
  -I/workspace/scratch/94ffb2b0bb2d/madeira-msi-patched-provider-build-20261005/wine/include \
  -D__WINESRC__ \
  /workspace/scratch/94ffb2b0bb2d/madeira-msi-patched-provider-build-20261005/wine/include/d2d1.idl
tools/widl/widl -o include/dcommon.h -m64 --nostdinc -Ldlls/\* -Iinclude \
  -I/workspace/scratch/94ffb2b0bb2d/madeira-msi-patched-provider-build-20261005/wine/include \
  -Iinclude \
  -I/workspace/scratch/94ffb2b0bb2d/madeira-msi-patched-provider-build-20261005/wine/include \
  -D__WINESRC__ \
  /workspace/scratch/94ffb2b0bb2d/madeira-msi-patched-provider-build-20261005/wine/include/dcommon.idl
tools/widl/widl -o include/d2d1effects.h -m64 --nostdinc -Ldlls/\* -Iinclude \
  -I/workspace/scratch/94ffb2b0bb2d/madeira-msi-patched-provider-build-20261005/wine/include \
  -Iinclude \
  -I/workspace/scratch/94ffb2b0bb2d/madeira-msi-patched-provider-build-20261005/wine/include \
  -D__WINESRC__ \
  /workspace/scratch/94ffb2b0bb2d/madeira-msi-patched-provider-build-20261005/wine/include/d2d1effects.idl
tools/widl/widl -o include/d2d1effects_1.h -m64 --nostdinc -Ldlls/\* -Iinclude \
  -I/workspace/scratch/94ffb2b0bb2d/madeira-msi-patched-provider-build-20261005/wine/include \
  -Iinclude \
  -I/workspace/scratch/94ffb2b0bb2d/madeira-msi-patched-provider-build-20261005/wine/include \
  -D__WINESRC__ \
  /workspace/scratch/94ffb2b0bb2d/madeira-msi-patched-provider-build-20261005/wine/include/d2d1effects_1.idl
tools/widl/widl -o include/d2d1effects_2.h -m64 --nostdinc -Ldlls/\* -Iinclude \
  -I/workspace/scratch/94ffb2b0bb2d/madeira-msi-patched-provider-build-20261005/wine/include \
  -Iinclude \
  -I/workspace/scratch/94ffb2b0bb2d/madeira-msi-patched-provider-build-20261005/wine/include \
  -D__WINESRC__ \
  /workspace/scratch/94ffb2b0bb2d/madeira-msi-patched-provider-build-20261005/wine/include/d2d1effects_2.idl
tools/widl/widl -o include/d2d1effectauthor.h -m64 --nostdinc -Ldlls/\* -Iinclude \
  -I/workspace/scratch/94ffb2b0bb2d/madeira-msi-patched-provider-build-20261005/wine/include \
  -Iinclude \
  -I/workspace/scratch/94ffb2b0bb2d/madeira-msi-patched-provider-build-20261005/wine/include \
  -D__WINESRC__ \
  /workspace/scratch/94ffb2b0bb2d/madeira-msi-patched-provider-build-20261005/wine/include/d2d1effectauthor.idl
tools/widl/widl -o include/ctxtcall.h -m64 --nostdinc -Ldlls/\* -Iinclude \
  -I/workspace/scratch/94ffb2b0bb2d/madeira-msi-patched-provider-build-20261005/wine/include \
  -Iinclude \
  -I/workspace/scratch/94ffb2b0bb2d/madeira-msi-patched-provider-build-20261005/wine/include \
  -D__WINESRC__ \
  /workspace/scratch/94ffb2b0bb2d/madeira-msi-patched-provider-build-20261005/wine/include/ctxtcall.idl
tools/widl/widl -o include/shdeprecated.h -m64 --nostdinc -Ldlls/\* -Iinclude \
  -I/workspace/scratch/94ffb2b0bb2d/madeira-msi-patched-provider-build-20261005/wine/include \
  -Iinclude \
  -I/workspace/scratch/94ffb2b0bb2d/madeira-msi-patched-provider-build-20261005/wine/include \
  -D__WINESRC__ \
  /workspace/scratch/94ffb2b0bb2d/madeira-msi-patched-provider-build-20261005/wine/include/shdeprecated.idl
tools/widl/widl -o include/hlink.h -m64 --nostdinc -Ldlls/\* -Iinclude \
  -I/workspace/scratch/94ffb2b0bb2d/madeira-msi-patched-provider-build-20261005/wine/include \
  -Iinclude \
  -I/workspace/scratch/94ffb2b0bb2d/madeira-msi-patched-provider-build-20261005/wine/include \
  -D__WINESRC__ \
  /workspace/scratch/94ffb2b0bb2d/madeira-msi-patched-provider-build-20261005/wine/include/hlink.idl
tools/widl/widl -o include/activaut.h -m64 --nostdinc -Ldlls/\* -Iinclude \
  -I/workspace/scratch/94ffb2b0bb2d/madeira-msi-patched-provider-build-20261005/wine/include \
  -Iinclude \
  -I/workspace/scratch/94ffb2b0bb2d/madeira-msi-patched-provider-build-20261005/wine/include \
  -D__WINESRC__ \
  /workspace/scratch/94ffb2b0bb2d/madeira-msi-patched-provider-build-20261005/wine/include/activaut.idl
tools/widl/widl -o include/activdbg.h -m64 --nostdinc -Ldlls/\* -Iinclude \
  -I/workspace/scratch/94ffb2b0bb2d/madeira-msi-patched-provider-build-20261005/wine/include \
  -Iinclude \
  -I/workspace/scratch/94ffb2b0bb2d/madeira-msi-patched-provider-build-20261005/wine/include \
  -D__WINESRC__ \
  /workspace/scratch/94ffb2b0bb2d/madeira-msi-patched-provider-build-20261005/wine/include/activdbg.idl
tools/widl/widl -o include/dispex.h -m64 --nostdinc -Ldlls/\* -Iinclude \
  -I/workspace/scratch/94ffb2b0bb2d/madeira-msi-patched-provider-build-20261005/wine/include \
  -Iinclude \
  -I/workspace/scratch/94ffb2b0bb2d/madeira-msi-patched-provider-build-20261005/wine/include \
  -D__WINESRC__ \
  /workspace/scratch/94ffb2b0bb2d/madeira-msi-patched-provider-build-20261005/wine/include/dispex.idl
tools/widl/widl -o include/mlang.h -m64 --nostdinc -Ldlls/\* -Iinclude \
  -I/workspace/scratch/94ffb2b0bb2d/madeira-msi-patched-provider-build-20261005/wine/include \
  -Iinclude \
  -I/workspace/scratch/94ffb2b0bb2d/madeira-msi-patched-provider-build-20261005/wine/include \
  -D__WINESRC__ \
  /workspace/scratch/94ffb2b0bb2d/madeira-msi-patched-provider-build-20261005/wine/include/mlang.idl
tools/widl/widl -o include/mshtml.h -m64 --nostdinc -Ldlls/\* -Iinclude \
  -I/workspace/scratch/94ffb2b0bb2d/madeira-msi-patched-provider-build-20261005/wine/include \
  -Iinclude \
  -I/workspace/scratch/94ffb2b0bb2d/madeira-msi-patched-provider-build-20261005/wine/include \
  -D__WINESRC__ \
  /workspace/scratch/94ffb2b0bb2d/madeira-msi-patched-provider-build-20261005/wine/include/mshtml.idl
tools/widl/widl -o include/dimm.h -m64 --nostdinc -Ldlls/\* -Iinclude \
  -I/workspace/scratch/94ffb2b0bb2d/madeira-msi-patched-provider-build-20261005/wine/include \
  -Iinclude \
  -I/workspace/scratch/94ffb2b0bb2d/madeira-msi-patched-provider-build-20261005/wine/include \
  -D__WINESRC__ \
  /workspace/scratch/94ffb2b0bb2d/madeira-msi-patched-provider-build-20261005/wine/include/dimm.idl
tools/widl/widl -o include/mshtmhst.h -m64 --nostdinc -Ldlls/\* -Iinclude \
  -I/workspace/scratch/94ffb2b0bb2d/madeira-msi-patched-provider-build-20261005/wine/include \
  -Iinclude \
  -I/workspace/scratch/94ffb2b0bb2d/madeira-msi-patched-provider-build-20261005/wine/include \
  -D__WINESRC__ \
  /workspace/scratch/94ffb2b0bb2d/madeira-msi-patched-provider-build-20261005/wine/include/mshtmhst.idl
tools/widl/widl -o include/docobjectservice.h -m64 --nostdinc -Ldlls/\* -Iinclude \
  -I/workspace/scratch/94ffb2b0bb2d/madeira-msi-patched-provider-build-20261005/wine/include \
  -Iinclude \
  -I/workspace/scratch/94ffb2b0bb2d/madeira-msi-patched-provider-build-20261005/wine/include \
  -D__WINESRC__ \
  /workspace/scratch/94ffb2b0bb2d/madeira-msi-patched-provider-build-20261005/wine/include/docobjectservice.idl
tools/widl/widl -o include/richole.h -m64 --nostdinc -Ldlls/\* -Iinclude \
  -I/workspace/scratch/94ffb2b0bb2d/madeira-msi-patched-provider-build-20261005/wine/include \
  -Iinclude \
  -I/workspace/scratch/94ffb2b0bb2d/madeira-msi-patched-provider-build-20261005/wine/include \
  -D__WINESRC__ \
  /workspace/scratch/94ffb2b0bb2d/madeira-msi-patched-provider-build-20261005/wine/include/richole.idl
tools/widl/widl -o include/downloadmgr.h -m64 --nostdinc -Ldlls/\* -Iinclude \
  -I/workspace/scratch/94ffb2b0bb2d/madeira-msi-patched-provider-build-20261005/wine/include \
  -Iinclude \
  -I/workspace/scratch/94ffb2b0bb2d/madeira-msi-patched-provider-build-20261005/wine/include \
  -D__WINESRC__ \
  /workspace/scratch/94ffb2b0bb2d/madeira-msi-patched-provider-build-20261005/wine/include/downloadmgr.idl
tools/widl/widl -o include/optary.h -m64 --nostdinc -Ldlls/\* -Iinclude \
  -I/workspace/scratch/94ffb2b0bb2d/madeira-msi-patched-provider-build-20261005/wine/include \
  -Iinclude \
  -I/workspace/scratch/94ffb2b0bb2d/madeira-msi-patched-provider-build-20261005/wine/include \
  -D__WINESRC__ \
  /workspace/scratch/94ffb2b0bb2d/madeira-msi-patched-provider-build-20261005/wine/include/optary.idl
tools/widl/widl -o include/indexsrv.h -m64 --nostdinc -Ldlls/\* -Iinclude \
  -I/workspace/scratch/94ffb2b0bb2d/madeira-msi-patched-provider-build-20261005/wine/include \
  -Iinclude \
  -I/workspace/scratch/94ffb2b0bb2d/madeira-msi-patched-provider-build-20261005/wine/include \
  -D__WINESRC__ \
  /workspace/scratch/94ffb2b0bb2d/madeira-msi-patched-provider-build-20261005/wine/include/indexsrv.idl
tools/widl/widl -o include/htiface.h -m64 --nostdinc -Ldlls/\* -Iinclude \
  -I/workspace/scratch/94ffb2b0bb2d/madeira-msi-patched-provider-build-20261005/wine/include \
  -Iinclude \
  -I/workspace/scratch/94ffb2b0bb2d/madeira-msi-patched-provider-build-20261005/wine/include \
  -D__WINESRC__ \
  /workspace/scratch/94ffb2b0bb2d/madeira-msi-patched-provider-build-20261005/wine/include/htiface.idl
tools/widl/widl -o include/htiframe.h -m64 --nostdinc -Ldlls/\* -Iinclude \
  -I/workspace/scratch/94ffb2b0bb2d/madeira-msi-patched-provider-build-20261005/wine/include \
  -Iinclude \
  -I/workspace/scratch/94ffb2b0bb2d/madeira-msi-patched-provider-build-20261005/wine/include \
  -D__WINESRC__ \
  /workspace/scratch/94ffb2b0bb2d/madeira-msi-patched-provider-build-20261005/wine/include/htiframe.idl
tools/widl/widl -o include/urlhist.h -m64 --nostdinc -Ldlls/\* -Iinclude \
  -I/workspace/scratch/94ffb2b0bb2d/madeira-msi-patched-provider-build-20261005/wine/include \
  -Iinclude \
  -I/workspace/scratch/94ffb2b0bb2d/madeira-msi-patched-provider-build-20261005/wine/include \
  -D__WINESRC__ \
  /workspace/scratch/94ffb2b0bb2d/madeira-msi-patched-provider-build-20261005/wine/include/urlhist.idl
tools/widl/widl -o include/objsafe.h -m64 --nostdinc -Ldlls/\* -Iinclude \
  -I/workspace/scratch/94ffb2b0bb2d/madeira-msi-patched-provider-build-20261005/wine/include \
  -Iinclude \
  -I/workspace/scratch/94ffb2b0bb2d/madeira-msi-patched-provider-build-20261005/wine/include \
  -D__WINESRC__ \
  /workspace/scratch/94ffb2b0bb2d/madeira-msi-patched-provider-build-20261005/wine/include/objsafe.idl
tools/widl/widl -o include/perhist.h -m64 --nostdinc -Ldlls/\* -Iinclude \
  -I/workspace/scratch/94ffb2b0bb2d/madeira-msi-patched-provider-build-20261005/wine/include \
  -Iinclude \
  -I/workspace/scratch/94ffb2b0bb2d/madeira-msi-patched-provider-build-20261005/wine/include \
  -D__WINESRC__ \
  /workspace/scratch/94ffb2b0bb2d/madeira-msi-patched-provider-build-20261005/wine/include/perhist.idl
tools/widl/widl -o include/netcon.h -m64 --nostdinc -Ldlls/\* -Iinclude \
  -I/workspace/scratch/94ffb2b0bb2d/madeira-msi-patched-provider-build-20261005/wine/include \
  -Iinclude \
  -I/workspace/scratch/94ffb2b0bb2d/madeira-msi-patched-provider-build-20261005/wine/include \
  -D__WINESRC__ \
  /workspace/scratch/94ffb2b0bb2d/madeira-msi-patched-provider-build-20261005/wine/include/netcon.idl
tools/widl/widl -o include/netfw.h -m64 --nostdinc -Ldlls/\* -Iinclude \
  -I/workspace/scratch/94ffb2b0bb2d/madeira-msi-patched-provider-build-20261005/wine/include \
  -Iinclude \
  -I/workspace/scratch/94ffb2b0bb2d/madeira-msi-patched-provider-build-20261005/wine/include \
  -D__WINESRC__ \
  /workspace/scratch/94ffb2b0bb2d/madeira-msi-patched-provider-build-20261005/wine/include/netfw.idl
tools/widl/widl -o include/icftypes.h -m64 --nostdinc -Ldlls/\* -Iinclude \
  -I/workspace/scratch/94ffb2b0bb2d/madeira-msi-patched-provider-build-20261005/wine/include \
  -Iinclude \
  -I/workspace/scratch/94ffb2b0bb2d/madeira-msi-patched-provider-build-20261005/wine/include \
  -D__WINESRC__ \
  /workspace/scratch/94ffb2b0bb2d/madeira-msi-patched-provider-build-20261005/wine/include/icftypes.idl
tools/widl/widl -o include/natupnp.h -m64 --nostdinc -Ldlls/\* -Iinclude \
  -I/workspace/scratch/94ffb2b0bb2d/madeira-msi-patched-provider-build-20261005/wine/include \
  -Iinclude \
  -I/workspace/scratch/94ffb2b0bb2d/madeira-msi-patched-provider-build-20261005/wine/include \
  -D__WINESRC__ \
  /workspace/scratch/94ffb2b0bb2d/madeira-msi-patched-provider-build-20261005/wine/include/natupnp.idl
tools/widl/widl -o include/msctf.h -m64 --nostdinc -Ldlls/\* -Iinclude \
  -I/workspace/scratch/94ffb2b0bb2d/madeira-msi-patched-provider-build-20261005/wine/include \
  -Iinclude \
  -I/workspace/scratch/94ffb2b0bb2d/madeira-msi-patched-provider-build-20261005/wine/include \
  -D__WINESRC__ \
  /workspace/scratch/94ffb2b0bb2d/madeira-msi-patched-provider-build-20261005/wine/include/msctf.idl
tools/widl/widl -o include/textstor.h -m64 --nostdinc -Ldlls/\* -Iinclude \
  -I/workspace/scratch/94ffb2b0bb2d/madeira-msi-patched-provider-build-20261005/wine/include \
  -Iinclude \
  -I/workspace/scratch/94ffb2b0bb2d/madeira-msi-patched-provider-build-20261005/wine/include \
  -D__WINESRC__ \
  /workspace/scratch/94ffb2b0bb2d/madeira-msi-patched-provider-build-20261005/wine/include/textstor.idl
tools/widl/widl -o include/ctfutb.h -m64 --nostdinc -Ldlls/\* -Iinclude \
  -I/workspace/scratch/94ffb2b0bb2d/madeira-msi-patched-provider-build-20261005/wine/include \
  -Iinclude \
  -I/workspace/scratch/94ffb2b0bb2d/madeira-msi-patched-provider-build-20261005/wine/include \
  -D__WINESRC__ \
  /workspace/scratch/94ffb2b0bb2d/madeira-msi-patched-provider-build-20261005/wine/include/ctfutb.idl
tools/widl/widl -o include/sensevts.h -m64 --nostdinc -Ldlls/\* -Iinclude \
  -I/workspace/scratch/94ffb2b0bb2d/madeira-msi-patched-provider-build-20261005/wine/include \
  -Iinclude \
  -I/workspace/scratch/94ffb2b0bb2d/madeira-msi-patched-provider-build-20261005/wine/include \
  -D__WINESRC__ \
  /workspace/scratch/94ffb2b0bb2d/madeira-msi-patched-provider-build-20261005/wine/include/sensevts.idl
tools/widl/widl -o include/ocmm.h -m64 --nostdinc -Ldlls/\* -Iinclude \
  -I/workspace/scratch/94ffb2b0bb2d/madeira-msi-patched-provider-build-20261005/wine/include \
  -Iinclude \
  -I/workspace/scratch/94ffb2b0bb2d/madeira-msi-patched-provider-build-20261005/wine/include \
  -D__WINESRC__ \
  /workspace/scratch/94ffb2b0bb2d/madeira-msi-patched-provider-build-20261005/wine/include/ocmm.idl
tools/widl/widl -o include/commoncontrols.h -m64 --nostdinc -Ldlls/\* -Iinclude \
  -I/workspace/scratch/94ffb2b0bb2d/madeira-msi-patched-provider-build-20261005/wine/include \
  -Iinclude \
  -I/workspace/scratch/94ffb2b0bb2d/madeira-msi-patched-provider-build-20261005/wine/include \
  -D__WINESRC__ \
  /workspace/scratch/94ffb2b0bb2d/madeira-msi-patched-provider-build-20261005/wine/include/commoncontrols.idl
tools/widl/widl -o include/tlogstg.h -m64 --nostdinc -Ldlls/\* -Iinclude \
  -I/workspace/scratch/94ffb2b0bb2d/madeira-msi-patched-provider-build-20261005/wine/include \
  -Iinclude \
  -I/workspace/scratch/94ffb2b0bb2d/madeira-msi-patched-provider-build-20261005/wine/include \
  -D__WINESRC__ \
  /workspace/scratch/94ffb2b0bb2d/madeira-msi-patched-provider-build-20261005/wine/include/tlogstg.idl
tools/widl/widl -o include/msdasc.h -m64 --nostdinc -Ldlls/\* -Iinclude \
  -I/workspace/scratch/94ffb2b0bb2d/madeira-msi-patched-provider-build-20261005/wine/include \
  -Iinclude \
  -I/workspace/scratch/94ffb2b0bb2d/madeira-msi-patched-provider-build-20261005/wine/include \
  -D__WINESRC__ \
  /workspace/scratch/94ffb2b0bb2d/madeira-msi-patched-provider-build-20261005/wine/include/msdasc.idl
tools/widl/widl -o include/oledb.h -m64 --nostdinc -Ldlls/\* -Iinclude \
  -I/workspace/scratch/94ffb2b0bb2d/madeira-msi-patched-provider-build-20261005/wine/include \
  -Iinclude \
  -I/workspace/scratch/94ffb2b0bb2d/madeira-msi-patched-provider-build-20261005/wine/include \
  -D__WINESRC__ \
  /workspace/scratch/94ffb2b0bb2d/madeira-msi-patched-provider-build-20261005/wine/include/oledb.idl
tools/widl/widl -o include/netcfgx.h -m64 --nostdinc -Ldlls/\* -Iinclude \
  -I/workspace/scratch/94ffb2b0bb2d/madeira-msi-patched-provider-build-20261005/wine/include \
  -Iinclude \
  -I/workspace/scratch/94ffb2b0bb2d/madeira-msi-patched-provider-build-20261005/wine/include \
  -D__WINESRC__ \
  /workspace/scratch/94ffb2b0bb2d/madeira-msi-patched-provider-build-20261005/wine/include/netcfgx.idl
tools/widl/widl -o include/shimgdata.h -m64 --nostdinc -Ldlls/\* -Iinclude \
  -I/workspace/scratch/94ffb2b0bb2d/madeira-msi-patched-provider-build-20261005/wine/include \
  -Iinclude \
  -I/workspace/scratch/94ffb2b0bb2d/madeira-msi-patched-provider-build-20261005/wine/include \
  -D__WINESRC__ \
  /workspace/scratch/94ffb2b0bb2d/madeira-msi-patched-provider-build-20261005/wine/include/shimgdata.idl
tools/widl/widl -o include/comsvcs.h -m64 --nostdinc -Ldlls/\* -Iinclude \
  -I/workspace/scratch/94ffb2b0bb2d/madeira-msi-patched-provider-build-20261005/wine/include \
  -Iinclude \
  -I/workspace/scratch/94ffb2b0bb2d/madeira-msi-patched-provider-build-20261005/wine/include \
  -D__WINESRC__ \
  /workspace/scratch/94ffb2b0bb2d/madeira-msi-patched-provider-build-20261005/wine/include/comsvcs.idl
tools/widl/widl -o include/directmanipulation.h -m64 --nostdinc -Ldlls/\* -Iinclude \
  -I/workspace/scratch/94ffb2b0bb2d/madeira-msi-patched-provider-build-20261005/wine/include \
  -Iinclude \
  -I/workspace/scratch/94ffb2b0bb2d/madeira-msi-patched-provider-build-20261005/wine/include \
  -D__WINESRC__ \
  /workspace/scratch/94ffb2b0bb2d/madeira-msi-patched-provider-build-20261005/wine/include/directmanipulation.idl
/workspace/scratch/94ffb2b0bb2d/madeira-desktop-overlay-build/toolchains/llvm-mingw-20260421-ucrt-ubuntu-22.04-x86_64/bin/clang -D__STDC__ -c -o libs/winecrt0/aarch64-windows/dll_canunload.o /workspace/scratch/94ffb2b0bb2d/madeira-msi-patched-provider-build-20261005/wine/libs/winecrt0/dll_canunload.c \
  -Ilibs/winecrt0 \
  -I/workspace/scratch/94ffb2b0bb2d/madeira-msi-patched-provider-build-20261005/wine/libs/winecrt0 \
  -Iinclude \
  -I/workspace/scratch/94ffb2b0bb2d/madeira-msi-patched-provider-build-20261005/wine/include \
  -I/workspace/scratch/94ffb2b0bb2d/madeira-msi-patched-provider-build-20261005/wine/include/msvcrt \
  -D_MSVCR_VER=0 -D__WINESRC__ -D__WINE_PE_BUILD -Wall -target aarch64-windows -fuse-ld=lld \
  --no-default-config -fno-strict-aliasing -Wdeclaration-after-statement -Wempty-body \
  -Wignored-qualifiers -Winit-self -Wno-microsoft-enum-forward-reference -Wstrict-prototypes \
  -Wtype-limits -Wunused-but-set-parameter -Wvla -Wwrite-strings -Wpointer-arith -Wabsolute-value \
  -ffunction-sections -fasync-exceptions -ffp-exception-behavior=maytrap -gdwarf-4 -g -O2
/workspace/scratch/94ffb2b0bb2d/madeira-desktop-overlay-build/toolchains/llvm-mingw-20260421-ucrt-ubuntu-22.04-x86_64/bin/clang -D__STDC__ -c -o libs/winecrt0/aarch64-windows/dll_register.o /workspace/scratch/94ffb2b0bb2d/madeira-msi-patched-provider-build-20261005/wine/libs/winecrt0/dll_register.c \
  -Ilibs/winecrt0 \
  -I/workspace/scratch/94ffb2b0bb2d/madeira-msi-patched-provider-build-20261005/wine/libs/winecrt0 \
  -Iinclude \
  -I/workspace/scratch/94ffb2b0bb2d/madeira-msi-patched-provider-build-20261005/wine/include \
  -I/workspace/scratch/94ffb2b0bb2d/madeira-msi-patched-provider-build-20261005/wine/include/msvcrt \
  -D_MSVCR_VER=0 -D__WINESRC__ -D__WINE_PE_BUILD -Wall -target aarch64-windows -fuse-ld=lld \
  --no-default-config -fno-strict-aliasing -Wdeclaration-after-statement -Wempty-body \
  -Wignored-qualifiers -Winit-self -Wno-microsoft-enum-forward-reference -Wstrict-prototypes \
  -Wtype-limits -Wunused-but-set-parameter -Wvla -Wwrite-strings -Wpointer-arith -Wabsolute-value \
  -ffunction-sections -fasync-exceptions -ffp-exception-behavior=maytrap -gdwarf-4 -g -O2
/workspace/scratch/94ffb2b0bb2d/madeira-desktop-overlay-build/toolchains/llvm-mingw-20260421-ucrt-ubuntu-22.04-x86_64/bin/clang -D__STDC__ -c -o libs/winecrt0/aarch64-windows/dll_version.o /workspace/scratch/94ffb2b0bb2d/madeira-msi-patched-provider-build-20261005/wine/libs/winecrt0/dll_version.c \
  -Ilibs/winecrt0 \
  -I/workspace/scratch/94ffb2b0bb2d/madeira-msi-patched-provider-build-20261005/wine/libs/winecrt0 \
  -Iinclude \
  -I/workspace/scratch/94ffb2b0bb2d/madeira-msi-patched-provider-build-20261005/wine/include \
  -I/workspace/scratch/94ffb2b0bb2d/madeira-msi-patched-provider-build-20261005/wine/include/msvcrt \
  -D_MSVCR_VER=0 -D__WINESRC__ -D__WINE_PE_BUILD -Wall -target aarch64-windows -fuse-ld=lld \
  --no-default-config -fno-strict-aliasing -Wdeclaration-after-statement -Wempty-body \
  -Wignored-qualifiers -Winit-self -Wno-microsoft-enum-forward-reference -Wstrict-prototypes \
  -Wtype-limits -Wunused-but-set-parameter -Wvla -Wwrite-strings -Wpointer-arith -Wabsolute-value \
  -ffunction-sections -fasync-exceptions -ffp-exception-behavior=maytrap -gdwarf-4 -g -O2
/workspace/scratch/94ffb2b0bb2d/madeira-desktop-overlay-build/toolchains/llvm-mingw-20260421-ucrt-ubuntu-22.04-x86_64/bin/clang -D__STDC__ -c -o libs/winecrt0/aarch64-windows/register.o /workspace/scratch/94ffb2b0bb2d/madeira-msi-patched-provider-build-20261005/wine/libs/winecrt0/register.c \
  -Ilibs/winecrt0 \
  -I/workspace/scratch/94ffb2b0bb2d/madeira-msi-patched-provider-build-20261005/wine/libs/winecrt0 \
  -Iinclude \
  -I/workspace/scratch/94ffb2b0bb2d/madeira-msi-patched-provider-build-20261005/wine/include \
  -I/workspace/scratch/94ffb2b0bb2d/madeira-msi-patched-provider-build-20261005/wine/include/msvcrt \
  -D_MSVCR_VER=0 -D__WINESRC__ -D__WINE_PE_BUILD -Wall -target aarch64-windows -fuse-ld=lld \
  --no-default-config -fno-strict-aliasing -Wdeclaration-after-statement -Wempty-body \
  -Wignored-qualifiers -Winit-self -Wno-microsoft-enum-forward-reference -Wstrict-prototypes \
  -Wtype-limits -Wunused-but-set-parameter -Wvla -Wwrite-strings -Wpointer-arith -Wabsolute-value \
  -ffunction-sections -fasync-exceptions -ffp-exception-behavior=maytrap -gdwarf-4 -g -O2
/workspace/scratch/94ffb2b0bb2d/madeira-desktop-overlay-build/toolchains/llvm-mingw-20260421-ucrt-ubuntu-22.04-x86_64/bin/clang -D__STDC__ -c -o libs/compiler-rt/aarch64-windows/lib/builtins/emutls.o /workspace/scratch/94ffb2b0bb2d/madeira-msi-patched-provider-build-20261005/wine/libs/compiler-rt/lib/builtins/emutls.c \
  -Ilibs/compiler-rt \
  -I/workspace/scratch/94ffb2b0bb2d/madeira-msi-patched-provider-build-20261005/wine/libs/compiler-rt \
  -Iinclude \
  -I/workspace/scratch/94ffb2b0bb2d/madeira-msi-patched-provider-build-20261005/wine/include \
  -I/workspace/scratch/94ffb2b0bb2d/madeira-msi-patched-provider-build-20261005/wine/include/msvcrt \
  -D_UCRT -D__WINE_PE_BUILD -target aarch64-windows -fuse-ld=lld --no-default-config \
  -fno-strict-aliasing -Wno-microsoft-enum-forward-reference -ffunction-sections -fasync-exceptions \
  -ffp-exception-behavior=maytrap -gdwarf-4 -g -O2
/workspace/scratch/94ffb2b0bb2d/madeira-desktop-overlay-build/toolchains/llvm-mingw-20260421-ucrt-ubuntu-22.04-x86_64/bin/clang -D__STDC__ -c -o programs/msiexec/aarch64-windows/msiexec.o /workspace/scratch/94ffb2b0bb2d/madeira-msi-patched-provider-build-20261005/wine/programs/msiexec/msiexec.c \
  -Iprograms/msiexec \
  -I/workspace/scratch/94ffb2b0bb2d/madeira-msi-patched-provider-build-20261005/wine/programs/msiexec \
  -Iinclude \
  -I/workspace/scratch/94ffb2b0bb2d/madeira-msi-patched-provider-build-20261005/wine/include \
  -I/workspace/scratch/94ffb2b0bb2d/madeira-msi-patched-provider-build-20261005/wine/include/msvcrt \
  -D_UCRT -D__WINESRC__ -D__WINE_PE_BUILD -Wall -target aarch64-windows -fuse-ld=lld \
  --no-default-config -fno-strict-aliasing -Wdeclaration-after-statement -Wempty-body \
  -Wignored-qualifiers -Winit-self -Wno-microsoft-enum-forward-reference -Wstrict-prototypes \
  -Wtype-limits -Wunused-but-set-parameter -Wvla -Wwrite-strings -Wpointer-arith -Wabsolute-value \
  -ffunction-sections -fasync-exceptions -ffp-exception-behavior=maytrap -gdwarf-4 -g -O2
/workspace/scratch/94ffb2b0bb2d/madeira-desktop-overlay-build/toolchains/llvm-mingw-20260421-ucrt-ubuntu-22.04-x86_64/bin/clang -D__STDC__ -c -o programs/msiexec/aarch64-windows/service.o /workspace/scratch/94ffb2b0bb2d/madeira-msi-patched-provider-build-20261005/wine/programs/msiexec/service.c \
  -Iprograms/msiexec \
  -I/workspace/scratch/94ffb2b0bb2d/madeira-msi-patched-provider-build-20261005/wine/programs/msiexec \
  -Iinclude \
  -I/workspace/scratch/94ffb2b0bb2d/madeira-msi-patched-provider-build-20261005/wine/include \
  -I/workspace/scratch/94ffb2b0bb2d/madeira-msi-patched-provider-build-20261005/wine/include/msvcrt \
  -D_UCRT -D__WINESRC__ -D__WINE_PE_BUILD -Wall -target aarch64-windows -fuse-ld=lld \
  --no-default-config -fno-strict-aliasing -Wdeclaration-after-statement -Wempty-body \
  -Wignored-qualifiers -Winit-self -Wno-microsoft-enum-forward-reference -Wstrict-prototypes \
  -Wtype-limits -Wunused-but-set-parameter -Wvla -Wwrite-strings -Wpointer-arith -Wabsolute-value \
  -ffunction-sections -fasync-exceptions -ffp-exception-behavior=maytrap -gdwarf-4 -g -O2
tools/wrc/wrc -u -o programs/msiexec/rsrc.res --nostdinc -Iprograms/msiexec \
  -I/workspace/scratch/94ffb2b0bb2d/madeira-msi-patched-provider-build-20261005/wine/programs/msiexec \
  -Iinclude \
  -I/workspace/scratch/94ffb2b0bb2d/madeira-msi-patched-provider-build-20261005/wine/include \
  -I/workspace/scratch/94ffb2b0bb2d/madeira-msi-patched-provider-build-20261005/wine/include/msvcrt \
  -D_UCRT -D__WINESRC__ \
  /workspace/scratch/94ffb2b0bb2d/madeira-msi-patched-provider-build-20261005/wine/programs/msiexec/rsrc.rc
tools/wrc/wrc -u -o programs/msiexec/version.res --nostdinc -Iprograms/msiexec \
  -I/workspace/scratch/94ffb2b0bb2d/madeira-msi-patched-provider-build-20261005/wine/programs/msiexec \
  -Iinclude \
  -I/workspace/scratch/94ffb2b0bb2d/madeira-msi-patched-provider-build-20261005/wine/include \
  -DVER_FILEDESCRIPTION_STR="\"Wine Installer\"" -DVER_FILETYPE=VFT_APP \
  -DVER_INTERNALNAME_STR="\"msiexec.exe\"" -DVER_PRODUCTVERSION=4,5,6001,22308 \
  /workspace/scratch/94ffb2b0bb2d/madeira-msi-patched-provider-build-20261005/wine/include/common.ver
/workspace/scratch/94ffb2b0bb2d/madeira-desktop-overlay-build/toolchains/llvm-mingw-20260421-ucrt-ubuntu-22.04-x86_64/bin/clang -D__STDC__ -c -o dlls/cabinet/aarch64-windows/cabinet_main.o /workspace/scratch/94ffb2b0bb2d/madeira-msi-patched-provider-build-20261005/wine/dlls/cabinet/cabinet_main.c \
  -Idlls/cabinet \
  -I/workspace/scratch/94ffb2b0bb2d/madeira-msi-patched-provider-build-20261005/wine/dlls/cabinet \
  -Iinclude \
  -I/workspace/scratch/94ffb2b0bb2d/madeira-msi-patched-provider-build-20261005/wine/include \
  -I/workspace/scratch/94ffb2b0bb2d/madeira-msi-patched-provider-build-20261005/wine/include/msvcrt \
  -I/workspace/scratch/94ffb2b0bb2d/madeira-msi-patched-provider-build-20261005/wine/libs/zlib \
  -D_UCRT -D__WINESRC__ -DFAR= -DZ_SOLO -D__WINE_PE_BUILD -Wall -target aarch64-windows -fuse-ld=lld \
  --no-default-config -fno-strict-aliasing -Wdeclaration-after-statement -Wempty-body \
  -Wignored-qualifiers -Winit-self -Wno-microsoft-enum-forward-reference -Wstrict-prototypes \
  -Wtype-limits -Wunused-but-set-parameter -Wvla -Wwrite-strings -Wpointer-arith -Wabsolute-value \
  -ffunction-sections -fasync-exceptions -ffp-exception-behavior=maytrap -gdwarf-4 -g -O2
/workspace/scratch/94ffb2b0bb2d/madeira-desktop-overlay-build/toolchains/llvm-mingw-20260421-ucrt-ubuntu-22.04-x86_64/bin/clang -D__STDC__ -c -o dlls/cabinet/aarch64-windows/fci.o /workspace/scratch/94ffb2b0bb2d/madeira-msi-patched-provider-build-20261005/wine/dlls/cabinet/fci.c \
  -Idlls/cabinet \
  -I/workspace/scratch/94ffb2b0bb2d/madeira-msi-patched-provider-build-20261005/wine/dlls/cabinet \
  -Iinclude \
  -I/workspace/scratch/94ffb2b0bb2d/madeira-msi-patched-provider-build-20261005/wine/include \
  -I/workspace/scratch/94ffb2b0bb2d/madeira-msi-patched-provider-build-20261005/wine/include/msvcrt \
  -I/workspace/scratch/94ffb2b0bb2d/madeira-msi-patched-provider-build-20261005/wine/libs/zlib \
  -D_UCRT -D__WINESRC__ -DFAR= -DZ_SOLO -D__WINE_PE_BUILD -Wall -target aarch64-windows -fuse-ld=lld \
  --no-default-config -fno-strict-aliasing -Wdeclaration-after-statement -Wempty-body \
  -Wignored-qualifiers -Winit-self -Wno-microsoft-enum-forward-reference -Wstrict-prototypes \
  -Wtype-limits -Wunused-but-set-parameter -Wvla -Wwrite-strings -Wpointer-arith -Wabsolute-value \
  -ffunction-sections -fasync-exceptions -ffp-exception-behavior=maytrap -gdwarf-4 -g -O2
tools/wrc/wrc -u -o dlls/cabinet/version.res --nostdinc -Idlls/cabinet \
  -I/workspace/scratch/94ffb2b0bb2d/madeira-msi-patched-provider-build-20261005/wine/dlls/cabinet \
  -Iinclude \
  -I/workspace/scratch/94ffb2b0bb2d/madeira-msi-patched-provider-build-20261005/wine/include \
  -DVER_FILEDESCRIPTION_STR="\"Wine Cabinet File API\"" -DVER_INTERNALNAME_STR="\"cabinet.dll\"" \
  -DVER_PRODUCTVERSION=5,0,2147,1 \
  /workspace/scratch/94ffb2b0bb2d/madeira-msi-patched-provider-build-20261005/wine/include/common.ver
/workspace/scratch/94ffb2b0bb2d/madeira-desktop-overlay-build/toolchains/llvm-mingw-20260421-ucrt-ubuntu-22.04-x86_64/bin/clang -D__STDC__ -c -o libs/zlib/aarch64-windows/adler32.o /workspace/scratch/94ffb2b0bb2d/madeira-msi-patched-provider-build-20261005/wine/libs/zlib/adler32.c \
  -Ilibs/zlib \
  -I/workspace/scratch/94ffb2b0bb2d/madeira-msi-patched-provider-build-20261005/wine/libs/zlib \
  -Iinclude \
  -I/workspace/scratch/94ffb2b0bb2d/madeira-msi-patched-provider-build-20261005/wine/include \
  -I/workspace/scratch/94ffb2b0bb2d/madeira-msi-patched-provider-build-20261005/wine/include/msvcrt \
  -I/workspace/scratch/94ffb2b0bb2d/madeira-msi-patched-provider-build-20261005/wine/libs/zlib \
  -D_UCRT -DFAR= -DZ_SOLO -D__WINE_PE_BUILD -target aarch64-windows -fuse-ld=lld --no-default-config \
  -fno-strict-aliasing -Wno-microsoft-enum-forward-reference -ffunction-sections -fasync-exceptions \
  -ffp-exception-behavior=maytrap -gdwarf-4 -g -O2
/workspace/scratch/94ffb2b0bb2d/madeira-desktop-overlay-build/toolchains/llvm-mingw-20260421-ucrt-ubuntu-22.04-x86_64/bin/clang -D__STDC__ -c -o libs/zlib/aarch64-windows/crc32.o /workspace/scratch/94ffb2b0bb2d/madeira-msi-patched-provider-build-20261005/wine/libs/zlib/crc32.c \
  -Ilibs/zlib \
  -I/workspace/scratch/94ffb2b0bb2d/madeira-msi-patched-provider-build-20261005/wine/libs/zlib \
  -Iinclude \
  -I/workspace/scratch/94ffb2b0bb2d/madeira-msi-patched-provider-build-20261005/wine/include \
  -I/workspace/scratch/94ffb2b0bb2d/madeira-msi-patched-provider-build-20261005/wine/include/msvcrt \
  -I/workspace/scratch/94ffb2b0bb2d/madeira-msi-patched-provider-build-20261005/wine/libs/zlib \
  -D_UCRT -DFAR= -DZ_SOLO -D__WINE_PE_BUILD -target aarch64-windows -fuse-ld=lld --no-default-config \
  -fno-strict-aliasing -Wno-microsoft-enum-forward-reference -ffunction-sections -fasync-exceptions \
  -ffp-exception-behavior=maytrap -gdwarf-4 -g -O2
/workspace/scratch/94ffb2b0bb2d/madeira-desktop-overlay-build/toolchains/llvm-mingw-20260421-ucrt-ubuntu-22.04-x86_64/bin/clang -D__STDC__ -c -o libs/zlib/aarch64-windows/deflate.o /workspace/scratch/94ffb2b0bb2d/madeira-msi-patched-provider-build-20261005/wine/libs/zlib/deflate.c \
  -Ilibs/zlib \
  -I/workspace/scratch/94ffb2b0bb2d/madeira-msi-patched-provider-build-20261005/wine/libs/zlib \
  -Iinclude \
  -I/workspace/scratch/94ffb2b0bb2d/madeira-msi-patched-provider-build-20261005/wine/include \
  -I/workspace/scratch/94ffb2b0bb2d/madeira-msi-patched-provider-build-20261005/wine/include/msvcrt \
  -I/workspace/scratch/94ffb2b0bb2d/madeira-msi-patched-provider-build-20261005/wine/libs/zlib \
  -D_UCRT -DFAR= -DZ_SOLO -D__WINE_PE_BUILD -target aarch64-windows -fuse-ld=lld --no-default-config \
  -fno-strict-aliasing -Wno-microsoft-enum-forward-reference -ffunction-sections -fasync-exceptions \
  -ffp-exception-behavior=maytrap -gdwarf-4 -g -O2
/workspace/scratch/94ffb2b0bb2d/madeira-desktop-overlay-build/toolchains/llvm-mingw-20260421-ucrt-ubuntu-22.04-x86_64/bin/clang -D__STDC__ -c -o libs/zlib/aarch64-windows/inffast.o /workspace/scratch/94ffb2b0bb2d/madeira-msi-patched-provider-build-20261005/wine/libs/zlib/inffast.c \
  -Ilibs/zlib \
  -I/workspace/scratch/94ffb2b0bb2d/madeira-msi-patched-provider-build-20261005/wine/libs/zlib \
  -Iinclude \
  -I/workspace/scratch/94ffb2b0bb2d/madeira-msi-patched-provider-build-20261005/wine/include \
  -I/workspace/scratch/94ffb2b0bb2d/madeira-msi-patched-provider-build-20261005/wine/include/msvcrt \
  -I/workspace/scratch/94ffb2b0bb2d/madeira-msi-patched-provider-build-20261005/wine/libs/zlib \
  -D_UCRT -DFAR= -DZ_SOLO -D__WINE_PE_BUILD -target aarch64-windows -fuse-ld=lld --no-default-config \
  -fno-strict-aliasing -Wno-microsoft-enum-forward-reference -ffunction-sections -fasync-exceptions \
  -ffp-exception-behavior=maytrap -gdwarf-4 -g -O2
/workspace/scratch/94ffb2b0bb2d/madeira-desktop-overlay-build/toolchains/llvm-mingw-20260421-ucrt-ubuntu-22.04-x86_64/bin/clang -D__STDC__ -c -o libs/zlib/aarch64-windows/inflate.o /workspace/scratch/94ffb2b0bb2d/madeira-msi-patched-provider-build-20261005/wine/libs/zlib/inflate.c \
  -Ilibs/zlib \
  -I/workspace/scratch/94ffb2b0bb2d/madeira-msi-patched-provider-build-20261005/wine/libs/zlib \
  -Iinclude \
  -I/workspace/scratch/94ffb2b0bb2d/madeira-msi-patched-provider-build-20261005/wine/include \
  -I/workspace/scratch/94ffb2b0bb2d/madeira-msi-patched-provider-build-20261005/wine/include/msvcrt \
  -I/workspace/scratch/94ffb2b0bb2d/madeira-msi-patched-provider-build-20261005/wine/libs/zlib \
  -D_UCRT -DFAR= -DZ_SOLO -D__WINE_PE_BUILD -target aarch64-windows -fuse-ld=lld --no-default-config \
  -fno-strict-aliasing -Wno-microsoft-enum-forward-reference -ffunction-sections -fasync-exceptions \
  -ffp-exception-behavior=maytrap -gdwarf-4 -g -O2
/workspace/scratch/94ffb2b0bb2d/madeira-desktop-overlay-build/toolchains/llvm-mingw-20260421-ucrt-ubuntu-22.04-x86_64/bin/clang -D__STDC__ -c -o libs/zlib/aarch64-windows/inftrees.o /workspace/scratch/94ffb2b0bb2d/madeira-msi-patched-provider-build-20261005/wine/libs/zlib/inftrees.c \
  -Ilibs/zlib \
  -I/workspace/scratch/94ffb2b0bb2d/madeira-msi-patched-provider-build-20261005/wine/libs/zlib \
  -Iinclude \
  -I/workspace/scratch/94ffb2b0bb2d/madeira-msi-patched-provider-build-20261005/wine/include \
  -I/workspace/scratch/94ffb2b0bb2d/madeira-msi-patched-provider-build-20261005/wine/include/msvcrt \
  -I/workspace/scratch/94ffb2b0bb2d/madeira-msi-patched-provider-build-20261005/wine/libs/zlib \
  -D_UCRT -DFAR= -DZ_SOLO -D__WINE_PE_BUILD -target aarch64-windows -fuse-ld=lld --no-default-config \
  -fno-strict-aliasing -Wno-microsoft-enum-forward-reference -ffunction-sections -fasync-exceptions \
  -ffp-exception-behavior=maytrap -gdwarf-4 -g -O2
/workspace/scratch/94ffb2b0bb2d/madeira-desktop-overlay-build/toolchains/llvm-mingw-20260421-ucrt-ubuntu-22.04-x86_64/bin/clang -D__STDC__ -c -o libs/zlib/aarch64-windows/trees.o /workspace/scratch/94ffb2b0bb2d/madeira-msi-patched-provider-build-20261005/wine/libs/zlib/trees.c \
  -Ilibs/zlib \
  -I/workspace/scratch/94ffb2b0bb2d/madeira-msi-patched-provider-build-20261005/wine/libs/zlib \
  -Iinclude \
  -I/workspace/scratch/94ffb2b0bb2d/madeira-msi-patched-provider-build-20261005/wine/include \
  -I/workspace/scratch/94ffb2b0bb2d/madeira-msi-patched-provider-build-20261005/wine/include/msvcrt \
  -I/workspace/scratch/94ffb2b0bb2d/madeira-msi-patched-provider-build-20261005/wine/libs/zlib \
  -D_UCRT -DFAR= -DZ_SOLO -D__WINE_PE_BUILD -target aarch64-windows -fuse-ld=lld --no-default-config \
  -fno-strict-aliasing -Wno-microsoft-enum-forward-reference -ffunction-sections -fasync-exceptions \
  -ffp-exception-behavior=maytrap -gdwarf-4 -g -O2
/workspace/scratch/94ffb2b0bb2d/madeira-desktop-overlay-build/toolchains/llvm-mingw-20260421-ucrt-ubuntu-22.04-x86_64/bin/clang -D__STDC__ -c -o libs/zlib/aarch64-windows/zutil.o /workspace/scratch/94ffb2b0bb2d/madeira-msi-patched-provider-build-20261005/wine/libs/zlib/zutil.c \
  -Ilibs/zlib \
  -I/workspace/scratch/94ffb2b0bb2d/madeira-msi-patched-provider-build-20261005/wine/libs/zlib \
  -Iinclude \
  -I/workspace/scratch/94ffb2b0bb2d/madeira-msi-patched-provider-build-20261005/wine/include \
  -I/workspace/scratch/94ffb2b0bb2d/madeira-msi-patched-provider-build-20261005/wine/include/msvcrt \
  -I/workspace/scratch/94ffb2b0bb2d/madeira-msi-patched-provider-build-20261005/wine/libs/zlib \
  -D_UCRT -DFAR= -DZ_SOLO -D__WINE_PE_BUILD -target aarch64-windows -fuse-ld=lld --no-default-config \
  -fno-strict-aliasing -Wno-microsoft-enum-forward-reference -ffunction-sections -fasync-exceptions \
  -ffp-exception-behavior=maytrap -gdwarf-4 -g -O2
/workspace/scratch/94ffb2b0bb2d/madeira-desktop-overlay-build/toolchains/llvm-mingw-20260421-ucrt-ubuntu-22.04-x86_64/bin/clang -D__STDC__ -c -o dlls/sxs/aarch64-windows/cache.o /workspace/scratch/94ffb2b0bb2d/madeira-msi-patched-provider-build-20261005/wine/dlls/sxs/cache.c \
  -Idlls/sxs \
  -I/workspace/scratch/94ffb2b0bb2d/madeira-msi-patched-provider-build-20261005/wine/dlls/sxs \
  -Iinclude \
  -I/workspace/scratch/94ffb2b0bb2d/madeira-msi-patched-provider-build-20261005/wine/include \
  -I/workspace/scratch/94ffb2b0bb2d/madeira-msi-patched-provider-build-20261005/wine/include/msvcrt \
  -D_UCRT -D__WINESRC__ -D__WINE_PE_BUILD -Wall -target aarch64-windows -fuse-ld=lld \
  --no-default-config -fno-strict-aliasing -Wdeclaration-after-statement -Wempty-body \
  -Wignored-qualifiers -Winit-self -Wno-microsoft-enum-forward-reference -Wstrict-prototypes \
  -Wtype-limits -Wunused-but-set-parameter -Wvla -Wwrite-strings -Wpointer-arith -Wabsolute-value \
  -ffunction-sections -fasync-exceptions -ffp-exception-behavior=maytrap -gdwarf-4 -g -O2
/workspace/scratch/94ffb2b0bb2d/madeira-desktop-overlay-build/toolchains/llvm-mingw-20260421-ucrt-ubuntu-22.04-x86_64/bin/clang -D__STDC__ -c -o dlls/sxs/aarch64-windows/name.o /workspace/scratch/94ffb2b0bb2d/madeira-msi-patched-provider-build-20261005/wine/dlls/sxs/name.c \
  -Idlls/sxs \
  -I/workspace/scratch/94ffb2b0bb2d/madeira-msi-patched-provider-build-20261005/wine/dlls/sxs \
  -Iinclude \
  -I/workspace/scratch/94ffb2b0bb2d/madeira-msi-patched-provider-build-20261005/wine/include \
  -I/workspace/scratch/94ffb2b0bb2d/madeira-msi-patched-provider-build-20261005/wine/include/msvcrt \
  -D_UCRT -D__WINESRC__ -D__WINE_PE_BUILD -Wall -target aarch64-windows -fuse-ld=lld \
  --no-default-config -fno-strict-aliasing -Wdeclaration-after-statement -Wempty-body \
  -Wignored-qualifiers -Winit-self -Wno-microsoft-enum-forward-reference -Wstrict-prototypes \
  -Wtype-limits -Wunused-but-set-parameter -Wvla -Wwrite-strings -Wpointer-arith -Wabsolute-value \
  -ffunction-sections -fasync-exceptions -ffp-exception-behavior=maytrap -gdwarf-4 -g -O2
tools/wrc/wrc -u -o dlls/mspatcha/version.res --nostdinc -Idlls/mspatcha \
  -I/workspace/scratch/94ffb2b0bb2d/madeira-msi-patched-provider-build-20261005/wine/dlls/mspatcha \
  -Iinclude \
  -I/workspace/scratch/94ffb2b0bb2d/madeira-msi-patched-provider-build-20261005/wine/include \
  -DVER_FILEDESCRIPTION_STR="\"Wine File Patch API\"" -DVER_INTERNALNAME_STR="\"mspatcha.dll\"" \
  -DVER_PRODUCTVERSION=6,1,7600,16385 \
  /workspace/scratch/94ffb2b0bb2d/madeira-msi-patched-provider-build-20261005/wine/include/common.ver
/workspace/scratch/94ffb2b0bb2d/madeira-desktop-overlay-build/toolchains/llvm-mingw-20260421-ucrt-ubuntu-22.04-x86_64/bin/clang -D__STDC__ -c -o programs/regsvr32/aarch64-windows/regsvr32.o /workspace/scratch/94ffb2b0bb2d/madeira-msi-patched-provider-build-20261005/wine/programs/regsvr32/regsvr32.c \
  -Iprograms/regsvr32 \
  -I/workspace/scratch/94ffb2b0bb2d/madeira-msi-patched-provider-build-20261005/wine/programs/regsvr32 \
  -Iinclude \
  -I/workspace/scratch/94ffb2b0bb2d/madeira-msi-patched-provider-build-20261005/wine/include \
  -I/workspace/scratch/94ffb2b0bb2d/madeira-msi-patched-provider-build-20261005/wine/include/msvcrt \
  -D_UCRT -D__WINESRC__ -D__WINE_PE_BUILD -Wall -target aarch64-windows -fuse-ld=lld \
  --no-default-config -fno-strict-aliasing -Wdeclaration-after-statement -Wempty-body \
  -Wignored-qualifiers -Winit-self -Wno-microsoft-enum-forward-reference -Wstrict-prototypes \
  -Wtype-limits -Wunused-but-set-parameter -Wvla -Wwrite-strings -Wpointer-arith -Wabsolute-value \
  -ffunction-sections -fasync-exceptions -ffp-exception-behavior=maytrap -gdwarf-4 -g -O2
tools/wrc/wrc -u -o programs/regsvr32/regsvr32.res --nostdinc -Iprograms/regsvr32 \
  -I/workspace/scratch/94ffb2b0bb2d/madeira-msi-patched-provider-build-20261005/wine/programs/regsvr32 \
  -Iinclude \
  -I/workspace/scratch/94ffb2b0bb2d/madeira-msi-patched-provider-build-20261005/wine/include \
  -I/workspace/scratch/94ffb2b0bb2d/madeira-msi-patched-provider-build-20261005/wine/include/msvcrt \
  -D_UCRT -D__WINESRC__ \
  /workspace/scratch/94ffb2b0bb2d/madeira-msi-patched-provider-build-20261005/wine/programs/regsvr32/regsvr32.rc
tools/wrc/wrc -u -o programs/regsvr32/version.res --nostdinc -Iprograms/regsvr32 \
  -I/workspace/scratch/94ffb2b0bb2d/madeira-msi-patched-provider-build-20261005/wine/programs/regsvr32 \
  -Iinclude \
  -I/workspace/scratch/94ffb2b0bb2d/madeira-msi-patched-provider-build-20261005/wine/include \
  -DVER_FILEDESCRIPTION_STR="\"Wine Register Server\"" -DVER_FILETYPE=VFT_APP \
  -DVER_INTERNALNAME_STR="\"regsvr32.exe\"" -DVER_PRODUCTVERSION=5,1,2600,2180 \
  /workspace/scratch/94ffb2b0bb2d/madeira-msi-patched-provider-build-20261005/wine/include/common.ver
tools/widl/widl -o include/exdisp.h -m64 --nostdinc -Ldlls/\* -Iinclude \
  -I/workspace/scratch/94ffb2b0bb2d/madeira-msi-patched-provider-build-20261005/wine/include \
  -Iinclude \
  -I/workspace/scratch/94ffb2b0bb2d/madeira-msi-patched-provider-build-20261005/wine/include \
  -D__WINESRC__ \
  /workspace/scratch/94ffb2b0bb2d/madeira-msi-patched-provider-build-20261005/wine/include/exdisp.idl
/workspace/scratch/94ffb2b0bb2d/madeira-desktop-overlay-build/toolchains/llvm-mingw-20260421-ucrt-ubuntu-22.04-x86_64/bin/clang -D__STDC__ -c -o dlls/msi/aarch64-windows/alter.o /workspace/scratch/94ffb2b0bb2d/madeira-msi-patched-provider-build-20261005/wine/dlls/msi/alter.c \
  -Idlls/msi \
  -I/workspace/scratch/94ffb2b0bb2d/madeira-msi-patched-provider-build-20261005/wine/dlls/msi \
  -Iinclude \
  -I/workspace/scratch/94ffb2b0bb2d/madeira-msi-patched-provider-build-20261005/wine/include \
  -I/workspace/scratch/94ffb2b0bb2d/madeira-msi-patched-provider-build-20261005/wine/include/msvcrt \
  -D_UCRT -D__WINESRC__ -D__WINE_PE_BUILD -Wall -target aarch64-windows -fuse-ld=lld \
  --no-default-config -fno-strict-aliasing -Wdeclaration-after-statement -Wempty-body \
  -Wignored-qualifiers -Winit-self -Wno-microsoft-enum-forward-reference -Wstrict-prototypes \
  -Wtype-limits -Wunused-but-set-parameter -Wvla -Wwrite-strings -Wpointer-arith -Wabsolute-value \
  -ffunction-sections -fasync-exceptions -ffp-exception-behavior=maytrap -gdwarf-4 -g -O2
/workspace/scratch/94ffb2b0bb2d/madeira-desktop-overlay-build/toolchains/llvm-mingw-20260421-ucrt-ubuntu-22.04-x86_64/bin/clang -D__STDC__ -c -o dlls/msi/aarch64-windows/appsearch.o /workspace/scratch/94ffb2b0bb2d/madeira-msi-patched-provider-build-20261005/wine/dlls/msi/appsearch.c \
  -Idlls/msi \
  -I/workspace/scratch/94ffb2b0bb2d/madeira-msi-patched-provider-build-20261005/wine/dlls/msi \
  -Iinclude \
  -I/workspace/scratch/94ffb2b0bb2d/madeira-msi-patched-provider-build-20261005/wine/include \
  -I/workspace/scratch/94ffb2b0bb2d/madeira-msi-patched-provider-build-20261005/wine/include/msvcrt \
  -D_UCRT -D__WINESRC__ -D__WINE_PE_BUILD -Wall -target aarch64-windows -fuse-ld=lld \
  --no-default-config -fno-strict-aliasing -Wdeclaration-after-statement -Wempty-body \
  -Wignored-qualifiers -Winit-self -Wno-microsoft-enum-forward-reference -Wstrict-prototypes \
  -Wtype-limits -Wunused-but-set-parameter -Wvla -Wwrite-strings -Wpointer-arith -Wabsolute-value \
  -ffunction-sections -fasync-exceptions -ffp-exception-behavior=maytrap -gdwarf-4 -g -O2
/workspace/scratch/94ffb2b0bb2d/madeira-desktop-overlay-build/toolchains/llvm-mingw-20260421-ucrt-ubuntu-22.04-x86_64/bin/clang -D__STDC__ -c -o dlls/msi/aarch64-windows/assembly.o /workspace/scratch/94ffb2b0bb2d/madeira-msi-patched-provider-build-20261005/wine/dlls/msi/assembly.c \
  -Idlls/msi \
  -I/workspace/scratch/94ffb2b0bb2d/madeira-msi-patched-provider-build-20261005/wine/dlls/msi \
  -Iinclude \
  -I/workspace/scratch/94ffb2b0bb2d/madeira-msi-patched-provider-build-20261005/wine/include \
  -I/workspace/scratch/94ffb2b0bb2d/madeira-msi-patched-provider-build-20261005/wine/include/msvcrt \
  -D_UCRT -D__WINESRC__ -D__WINE_PE_BUILD -Wall -target aarch64-windows -fuse-ld=lld \
  --no-default-config -fno-strict-aliasing -Wdeclaration-after-statement -Wempty-body \
  -Wignored-qualifiers -Winit-self -Wno-microsoft-enum-forward-reference -Wstrict-prototypes \
  -Wtype-limits -Wunused-but-set-parameter -Wvla -Wwrite-strings -Wpointer-arith -Wabsolute-value \
  -ffunction-sections -fasync-exceptions -ffp-exception-behavior=maytrap -gdwarf-4 -g -O2
/workspace/scratch/94ffb2b0bb2d/madeira-desktop-overlay-build/toolchains/llvm-mingw-20260421-ucrt-ubuntu-22.04-x86_64/bin/clang -D__STDC__ -c -o dlls/msi/aarch64-windows/automation.o /workspace/scratch/94ffb2b0bb2d/madeira-msi-patched-provider-build-20261005/wine/dlls/msi/automation.c \
  -Idlls/msi \
  -I/workspace/scratch/94ffb2b0bb2d/madeira-msi-patched-provider-build-20261005/wine/dlls/msi \
  -Iinclude \
  -I/workspace/scratch/94ffb2b0bb2d/madeira-msi-patched-provider-build-20261005/wine/include \
  -I/workspace/scratch/94ffb2b0bb2d/madeira-msi-patched-provider-build-20261005/wine/include/msvcrt \
  -D_UCRT -D__WINESRC__ -D__WINE_PE_BUILD -Wall -target aarch64-windows -fuse-ld=lld \
  --no-default-config -fno-strict-aliasing -Wdeclaration-after-statement -Wempty-body \
  -Wignored-qualifiers -Winit-self -Wno-microsoft-enum-forward-reference -Wstrict-prototypes \
  -Wtype-limits -Wunused-but-set-parameter -Wvla -Wwrite-strings -Wpointer-arith -Wabsolute-value \
  -ffunction-sections -fasync-exceptions -ffp-exception-behavior=maytrap -gdwarf-4 -g -O2
/workspace/scratch/94ffb2b0bb2d/madeira-desktop-overlay-build/toolchains/llvm-mingw-20260421-ucrt-ubuntu-22.04-x86_64/bin/clang -D__STDC__ -c -o dlls/msi/aarch64-windows/classes.o /workspace/scratch/94ffb2b0bb2d/madeira-msi-patched-provider-build-20261005/wine/dlls/msi/classes.c \
  -Idlls/msi \
  -I/workspace/scratch/94ffb2b0bb2d/madeira-msi-patched-provider-build-20261005/wine/dlls/msi \
  -Iinclude \
  -I/workspace/scratch/94ffb2b0bb2d/madeira-msi-patched-provider-build-20261005/wine/include \
  -I/workspace/scratch/94ffb2b0bb2d/madeira-msi-patched-provider-build-20261005/wine/include/msvcrt \
  -D_UCRT -D__WINESRC__ -D__WINE_PE_BUILD -Wall -target aarch64-windows -fuse-ld=lld \
  --no-default-config -fno-strict-aliasing -Wdeclaration-after-statement -Wempty-body \
  -Wignored-qualifiers -Winit-self -Wno-microsoft-enum-forward-reference -Wstrict-prototypes \
  -Wtype-limits -Wunused-but-set-parameter -Wvla -Wwrite-strings -Wpointer-arith -Wabsolute-value \
  -ffunction-sections -fasync-exceptions -ffp-exception-behavior=maytrap -gdwarf-4 -g -O2
/workspace/scratch/94ffb2b0bb2d/madeira-desktop-overlay-build/toolchains/llvm-mingw-20260421-ucrt-ubuntu-22.04-x86_64/bin/clang -D__STDC__ -c -o dlls/msi/aarch64-windows/create.o /workspace/scratch/94ffb2b0bb2d/madeira-msi-patched-provider-build-20261005/wine/dlls/msi/create.c \
  -Idlls/msi \
  -I/workspace/scratch/94ffb2b0bb2d/madeira-msi-patched-provider-build-20261005/wine/dlls/msi \
  -Iinclude \
  -I/workspace/scratch/94ffb2b0bb2d/madeira-msi-patched-provider-build-20261005/wine/include \
  -I/workspace/scratch/94ffb2b0bb2d/madeira-msi-patched-provider-build-20261005/wine/include/msvcrt \
  -D_UCRT -D__WINESRC__ -D__WINE_PE_BUILD -Wall -target aarch64-windows -fuse-ld=lld \
  --no-default-config -fno-strict-aliasing -Wdeclaration-after-statement -Wempty-body \
  -Wignored-qualifiers -Winit-self -Wno-microsoft-enum-forward-reference -Wstrict-prototypes \
  -Wtype-limits -Wunused-but-set-parameter -Wvla -Wwrite-strings -Wpointer-arith -Wabsolute-value \
  -ffunction-sections -fasync-exceptions -ffp-exception-behavior=maytrap -gdwarf-4 -g -O2
/workspace/scratch/94ffb2b0bb2d/madeira-desktop-overlay-build/toolchains/llvm-mingw-20260421-ucrt-ubuntu-22.04-x86_64/bin/clang -D__STDC__ -c -o dlls/msi/aarch64-windows/custom.o /workspace/scratch/94ffb2b0bb2d/madeira-msi-patched-provider-build-20261005/wine/dlls/msi/custom.c \
  -Idlls/msi \
  -I/workspace/scratch/94ffb2b0bb2d/madeira-msi-patched-provider-build-20261005/wine/dlls/msi \
  -Iinclude \
  -I/workspace/scratch/94ffb2b0bb2d/madeira-msi-patched-provider-build-20261005/wine/include \
  -I/workspace/scratch/94ffb2b0bb2d/madeira-msi-patched-provider-build-20261005/wine/include/msvcrt \
  -D_UCRT -D__WINESRC__ -D__WINE_PE_BUILD -Wall -target aarch64-windows -fuse-ld=lld \
  --no-default-config -fno-strict-aliasing -Wdeclaration-after-statement -Wempty-body \
  -Wignored-qualifiers -Winit-self -Wno-microsoft-enum-forward-reference -Wstrict-prototypes \
  -Wtype-limits -Wunused-but-set-parameter -Wvla -Wwrite-strings -Wpointer-arith -Wabsolute-value \
  -ffunction-sections -fasync-exceptions -ffp-exception-behavior=maytrap -gdwarf-4 -g -O2
/workspace/scratch/94ffb2b0bb2d/madeira-desktop-overlay-build/toolchains/llvm-mingw-20260421-ucrt-ubuntu-22.04-x86_64/bin/clang -D__STDC__ -c -o dlls/msi/aarch64-windows/database.o /workspace/scratch/94ffb2b0bb2d/madeira-msi-patched-provider-build-20261005/wine/dlls/msi/database.c \
  -Idlls/msi \
  -I/workspace/scratch/94ffb2b0bb2d/madeira-msi-patched-provider-build-20261005/wine/dlls/msi \
  -Iinclude \
  -I/workspace/scratch/94ffb2b0bb2d/madeira-msi-patched-provider-build-20261005/wine/include \
  -I/workspace/scratch/94ffb2b0bb2d/madeira-msi-patched-provider-build-20261005/wine/include/msvcrt \
  -D_UCRT -D__WINESRC__ -D__WINE_PE_BUILD -Wall -target aarch64-windows -fuse-ld=lld \
  --no-default-config -fno-strict-aliasing -Wdeclaration-after-statement -Wempty-body \
  -Wignored-qualifiers -Winit-self -Wno-microsoft-enum-forward-reference -Wstrict-prototypes \
  -Wtype-limits -Wunused-but-set-parameter -Wvla -Wwrite-strings -Wpointer-arith -Wabsolute-value \
  -ffunction-sections -fasync-exceptions -ffp-exception-behavior=maytrap -gdwarf-4 -g -O2
/workspace/scratch/94ffb2b0bb2d/madeira-desktop-overlay-build/toolchains/llvm-mingw-20260421-ucrt-ubuntu-22.04-x86_64/bin/clang -D__STDC__ -c -o dlls/msi/aarch64-windows/delete.o /workspace/scratch/94ffb2b0bb2d/madeira-msi-patched-provider-build-20261005/wine/dlls/msi/delete.c \
  -Idlls/msi \
  -I/workspace/scratch/94ffb2b0bb2d/madeira-msi-patched-provider-build-20261005/wine/dlls/msi \
  -Iinclude \
  -I/workspace/scratch/94ffb2b0bb2d/madeira-msi-patched-provider-build-20261005/wine/include \
  -I/workspace/scratch/94ffb2b0bb2d/madeira-msi-patched-provider-build-20261005/wine/include/msvcrt \
  -D_UCRT -D__WINESRC__ -D__WINE_PE_BUILD -Wall -target aarch64-windows -fuse-ld=lld \
  --no-default-config -fno-strict-aliasing -Wdeclaration-after-statement -Wempty-body \
  -Wignored-qualifiers -Winit-self -Wno-microsoft-enum-forward-reference -Wstrict-prototypes \
  -Wtype-limits -Wunused-but-set-parameter -Wvla -Wwrite-strings -Wpointer-arith -Wabsolute-value \
  -ffunction-sections -fasync-exceptions -ffp-exception-behavior=maytrap -gdwarf-4 -g -O2
/workspace/scratch/94ffb2b0bb2d/madeira-desktop-overlay-build/toolchains/llvm-mingw-20260421-ucrt-ubuntu-22.04-x86_64/bin/clang -D__STDC__ -c -o dlls/msi/aarch64-windows/dialog.o /workspace/scratch/94ffb2b0bb2d/madeira-msi-patched-provider-build-20261005/wine/dlls/msi/dialog.c \
  -Idlls/msi \
  -I/workspace/scratch/94ffb2b0bb2d/madeira-msi-patched-provider-build-20261005/wine/dlls/msi \
  -Iinclude \
  -I/workspace/scratch/94ffb2b0bb2d/madeira-msi-patched-provider-build-20261005/wine/include \
  -I/workspace/scratch/94ffb2b0bb2d/madeira-msi-patched-provider-build-20261005/wine/include/msvcrt \
  -D_UCRT -D__WINESRC__ -D__WINE_PE_BUILD -Wall -target aarch64-windows -fuse-ld=lld \
  --no-default-config -fno-strict-aliasing -Wdeclaration-after-statement -Wempty-body \
  -Wignored-qualifiers -Winit-self -Wno-microsoft-enum-forward-reference -Wstrict-prototypes \
  -Wtype-limits -Wunused-but-set-parameter -Wvla -Wwrite-strings -Wpointer-arith -Wabsolute-value \
  -ffunction-sections -fasync-exceptions -ffp-exception-behavior=maytrap -gdwarf-4 -g -O2
/workspace/scratch/94ffb2b0bb2d/madeira-desktop-overlay-build/toolchains/llvm-mingw-20260421-ucrt-ubuntu-22.04-x86_64/bin/clang -D__STDC__ -c -o dlls/msi/aarch64-windows/distinct.o /workspace/scratch/94ffb2b0bb2d/madeira-msi-patched-provider-build-20261005/wine/dlls/msi/distinct.c \
  -Idlls/msi \
  -I/workspace/scratch/94ffb2b0bb2d/madeira-msi-patched-provider-build-20261005/wine/dlls/msi \
  -Iinclude \
  -I/workspace/scratch/94ffb2b0bb2d/madeira-msi-patched-provider-build-20261005/wine/include \
  -I/workspace/scratch/94ffb2b0bb2d/madeira-msi-patched-provider-build-20261005/wine/include/msvcrt \
  -D_UCRT -D__WINESRC__ -D__WINE_PE_BUILD -Wall -target aarch64-windows -fuse-ld=lld \
  --no-default-config -fno-strict-aliasing -Wdeclaration-after-statement -Wempty-body \
  -Wignored-qualifiers -Winit-self -Wno-microsoft-enum-forward-reference -Wstrict-prototypes \
  -Wtype-limits -Wunused-but-set-parameter -Wvla -Wwrite-strings -Wpointer-arith -Wabsolute-value \
  -ffunction-sections -fasync-exceptions -ffp-exception-behavior=maytrap -gdwarf-4 -g -O2
/workspace/scratch/94ffb2b0bb2d/madeira-desktop-overlay-build/toolchains/llvm-mingw-20260421-ucrt-ubuntu-22.04-x86_64/bin/clang -D__STDC__ -c -o dlls/msi/aarch64-windows/drop.o /workspace/scratch/94ffb2b0bb2d/madeira-msi-patched-provider-build-20261005/wine/dlls/msi/drop.c \
  -Idlls/msi \
  -I/workspace/scratch/94ffb2b0bb2d/madeira-msi-patched-provider-build-20261005/wine/dlls/msi \
  -Iinclude \
  -I/workspace/scratch/94ffb2b0bb2d/madeira-msi-patched-provider-build-20261005/wine/include \
  -I/workspace/scratch/94ffb2b0bb2d/madeira-msi-patched-provider-build-20261005/wine/include/msvcrt \
  -D_UCRT -D__WINESRC__ -D__WINE_PE_BUILD -Wall -target aarch64-windows -fuse-ld=lld \
  --no-default-config -fno-strict-aliasing -Wdeclaration-after-statement -Wempty-body \
  -Wignored-qualifiers -Winit-self -Wno-microsoft-enum-forward-reference -Wstrict-prototypes \
  -Wtype-limits -Wunused-but-set-parameter -Wvla -Wwrite-strings -Wpointer-arith -Wabsolute-value \
  -ffunction-sections -fasync-exceptions -ffp-exception-behavior=maytrap -gdwarf-4 -g -O2
/workspace/scratch/94ffb2b0bb2d/madeira-desktop-overlay-build/toolchains/llvm-mingw-20260421-ucrt-ubuntu-22.04-x86_64/bin/clang -D__STDC__ -c -o dlls/msi/aarch64-windows/files.o /workspace/scratch/94ffb2b0bb2d/madeira-msi-patched-provider-build-20261005/wine/dlls/msi/files.c \
  -Idlls/msi \
  -I/workspace/scratch/94ffb2b0bb2d/madeira-msi-patched-provider-build-20261005/wine/dlls/msi \
  -Iinclude \
  -I/workspace/scratch/94ffb2b0bb2d/madeira-msi-patched-provider-build-20261005/wine/include \
  -I/workspace/scratch/94ffb2b0bb2d/madeira-msi-patched-provider-build-20261005/wine/include/msvcrt \
  -D_UCRT -D__WINESRC__ -D__WINE_PE_BUILD -Wall -target aarch64-windows -fuse-ld=lld \
  --no-default-config -fno-strict-aliasing -Wdeclaration-after-statement -Wempty-body \
  -Wignored-qualifiers -Winit-self -Wno-microsoft-enum-forward-reference -Wstrict-prototypes \
  -Wtype-limits -Wunused-but-set-parameter -Wvla -Wwrite-strings -Wpointer-arith -Wabsolute-value \
  -ffunction-sections -fasync-exceptions -ffp-exception-behavior=maytrap -gdwarf-4 -g -O2
/workspace/scratch/94ffb2b0bb2d/madeira-desktop-overlay-build/toolchains/llvm-mingw-20260421-ucrt-ubuntu-22.04-x86_64/bin/clang -D__STDC__ -c -o dlls/msi/aarch64-windows/font.o /workspace/scratch/94ffb2b0bb2d/madeira-msi-patched-provider-build-20261005/wine/dlls/msi/font.c \
  -Idlls/msi \
  -I/workspace/scratch/94ffb2b0bb2d/madeira-msi-patched-provider-build-20261005/wine/dlls/msi \
  -Iinclude \
  -I/workspace/scratch/94ffb2b0bb2d/madeira-msi-patched-provider-build-20261005/wine/include \
  -I/workspace/scratch/94ffb2b0bb2d/madeira-msi-patched-provider-build-20261005/wine/include/msvcrt \
  -D_UCRT -D__WINESRC__ -D__WINE_PE_BUILD -Wall -target aarch64-windows -fuse-ld=lld \
  --no-default-config -fno-strict-aliasing -Wdeclaration-after-statement -Wempty-body \
  -Wignored-qualifiers -Winit-self -Wno-microsoft-enum-forward-reference -Wstrict-prototypes \
  -Wtype-limits -Wunused-but-set-parameter -Wvla -Wwrite-strings -Wpointer-arith -Wabsolute-value \
  -ffunction-sections -fasync-exceptions -ffp-exception-behavior=maytrap -gdwarf-4 -g -O2
/workspace/scratch/94ffb2b0bb2d/madeira-desktop-overlay-build/toolchains/llvm-mingw-20260421-ucrt-ubuntu-22.04-x86_64/bin/clang -D__STDC__ -c -o dlls/msi/aarch64-windows/format.o /workspace/scratch/94ffb2b0bb2d/madeira-msi-patched-provider-build-20261005/wine/dlls/msi/format.c \
  -Idlls/msi \
  -I/workspace/scratch/94ffb2b0bb2d/madeira-msi-patched-provider-build-20261005/wine/dlls/msi \
  -Iinclude \
  -I/workspace/scratch/94ffb2b0bb2d/madeira-msi-patched-provider-build-20261005/wine/include \
  -I/workspace/scratch/94ffb2b0bb2d/madeira-msi-patched-provider-build-20261005/wine/include/msvcrt \
  -D_UCRT -D__WINESRC__ -D__WINE_PE_BUILD -Wall -target aarch64-windows -fuse-ld=lld \
  --no-default-config -fno-strict-aliasing -Wdeclaration-after-statement -Wempty-body \
  -Wignored-qualifiers -Winit-self -Wno-microsoft-enum-forward-reference -Wstrict-prototypes \
  -Wtype-limits -Wunused-but-set-parameter -Wvla -Wwrite-strings -Wpointer-arith -Wabsolute-value \
  -ffunction-sections -fasync-exceptions -ffp-exception-behavior=maytrap -gdwarf-4 -g -O2
/workspace/scratch/94ffb2b0bb2d/madeira-desktop-overlay-build/toolchains/llvm-mingw-20260421-ucrt-ubuntu-22.04-x86_64/bin/clang -D__STDC__ -c -o dlls/msi/aarch64-windows/handle.o /workspace/scratch/94ffb2b0bb2d/madeira-msi-patched-provider-build-20261005/wine/dlls/msi/handle.c \
  -Idlls/msi \
  -I/workspace/scratch/94ffb2b0bb2d/madeira-msi-patched-provider-build-20261005/wine/dlls/msi \
  -Iinclude \
  -I/workspace/scratch/94ffb2b0bb2d/madeira-msi-patched-provider-build-20261005/wine/include \
  -I/workspace/scratch/94ffb2b0bb2d/madeira-msi-patched-provider-build-20261005/wine/include/msvcrt \
  -D_UCRT -D__WINESRC__ -D__WINE_PE_BUILD -Wall -target aarch64-windows -fuse-ld=lld \
  --no-default-config -fno-strict-aliasing -Wdeclaration-after-statement -Wempty-body \
  -Wignored-qualifiers -Winit-self -Wno-microsoft-enum-forward-reference -Wstrict-prototypes \
  -Wtype-limits -Wunused-but-set-parameter -Wvla -Wwrite-strings -Wpointer-arith -Wabsolute-value \
  -ffunction-sections -fasync-exceptions -ffp-exception-behavior=maytrap -gdwarf-4 -g -O2
/workspace/scratch/94ffb2b0bb2d/madeira-desktop-overlay-build/toolchains/llvm-mingw-20260421-ucrt-ubuntu-22.04-x86_64/bin/clang -D__STDC__ -c -o dlls/msi/aarch64-windows/insert.o /workspace/scratch/94ffb2b0bb2d/madeira-msi-patched-provider-build-20261005/wine/dlls/msi/insert.c \
  -Idlls/msi \
  -I/workspace/scratch/94ffb2b0bb2d/madeira-msi-patched-provider-build-20261005/wine/dlls/msi \
  -Iinclude \
  -I/workspace/scratch/94ffb2b0bb2d/madeira-msi-patched-provider-build-20261005/wine/include \
  -I/workspace/scratch/94ffb2b0bb2d/madeira-msi-patched-provider-build-20261005/wine/include/msvcrt \
  -D_UCRT -D__WINESRC__ -D__WINE_PE_BUILD -Wall -target aarch64-windows -fuse-ld=lld \
  --no-default-config -fno-strict-aliasing -Wdeclaration-after-statement -Wempty-body \
  -Wignored-qualifiers -Winit-self -Wno-microsoft-enum-forward-reference -Wstrict-prototypes \
  -Wtype-limits -Wunused-but-set-parameter -Wvla -Wwrite-strings -Wpointer-arith -Wabsolute-value \
  -ffunction-sections -fasync-exceptions -ffp-exception-behavior=maytrap -gdwarf-4 -g -O2
/workspace/scratch/94ffb2b0bb2d/madeira-desktop-overlay-build/toolchains/llvm-mingw-20260421-ucrt-ubuntu-22.04-x86_64/bin/clang -D__STDC__ -c -o dlls/msi/aarch64-windows/install.o /workspace/scratch/94ffb2b0bb2d/madeira-msi-patched-provider-build-20261005/wine/dlls/msi/install.c \
  -Idlls/msi \
  -I/workspace/scratch/94ffb2b0bb2d/madeira-msi-patched-provider-build-20261005/wine/dlls/msi \
  -Iinclude \
  -I/workspace/scratch/94ffb2b0bb2d/madeira-msi-patched-provider-build-20261005/wine/include \
  -I/workspace/scratch/94ffb2b0bb2d/madeira-msi-patched-provider-build-20261005/wine/include/msvcrt \
  -D_UCRT -D__WINESRC__ -D__WINE_PE_BUILD -Wall -target aarch64-windows -fuse-ld=lld \
  --no-default-config -fno-strict-aliasing -Wdeclaration-after-statement -Wempty-body \
  -Wignored-qualifiers -Winit-self -Wno-microsoft-enum-forward-reference -Wstrict-prototypes \
  -Wtype-limits -Wunused-but-set-parameter -Wvla -Wwrite-strings -Wpointer-arith -Wabsolute-value \
  -ffunction-sections -fasync-exceptions -ffp-exception-behavior=maytrap -gdwarf-4 -g -O2
/workspace/scratch/94ffb2b0bb2d/madeira-desktop-overlay-build/toolchains/llvm-mingw-20260421-ucrt-ubuntu-22.04-x86_64/bin/clang -D__STDC__ -c -o dlls/msi/aarch64-windows/media.o /workspace/scratch/94ffb2b0bb2d/madeira-msi-patched-provider-build-20261005/wine/dlls/msi/media.c \
  -Idlls/msi \
  -I/workspace/scratch/94ffb2b0bb2d/madeira-msi-patched-provider-build-20261005/wine/dlls/msi \
  -Iinclude \
  -I/workspace/scratch/94ffb2b0bb2d/madeira-msi-patched-provider-build-20261005/wine/include \
  -I/workspace/scratch/94ffb2b0bb2d/madeira-msi-patched-provider-build-20261005/wine/include/msvcrt \
  -D_UCRT -D__WINESRC__ -D__WINE_PE_BUILD -Wall -target aarch64-windows -fuse-ld=lld \
  --no-default-config -fno-strict-aliasing -Wdeclaration-after-statement -Wempty-body \
  -Wignored-qualifiers -Winit-self -Wno-microsoft-enum-forward-reference -Wstrict-prototypes \
  -Wtype-limits -Wunused-but-set-parameter -Wvla -Wwrite-strings -Wpointer-arith -Wabsolute-value \
  -ffunction-sections -fasync-exceptions -ffp-exception-behavior=maytrap -gdwarf-4 -g -O2
/workspace/scratch/94ffb2b0bb2d/madeira-desktop-overlay-build/toolchains/llvm-mingw-20260421-ucrt-ubuntu-22.04-x86_64/bin/clang -D__STDC__ -c -o dlls/msi/aarch64-windows/msi.o /workspace/scratch/94ffb2b0bb2d/madeira-msi-patched-provider-build-20261005/wine/dlls/msi/msi.c \
  -Idlls/msi \
  -I/workspace/scratch/94ffb2b0bb2d/madeira-msi-patched-provider-build-20261005/wine/dlls/msi \
  -Iinclude \
  -I/workspace/scratch/94ffb2b0bb2d/madeira-msi-patched-provider-build-20261005/wine/include \
  -I/workspace/scratch/94ffb2b0bb2d/madeira-msi-patched-provider-build-20261005/wine/include/msvcrt \
  -D_UCRT -D__WINESRC__ -D__WINE_PE_BUILD -Wall -target aarch64-windows -fuse-ld=lld \
  --no-default-config -fno-strict-aliasing -Wdeclaration-after-statement -Wempty-body \
  -Wignored-qualifiers -Winit-self -Wno-microsoft-enum-forward-reference -Wstrict-prototypes \
  -Wtype-limits -Wunused-but-set-parameter -Wvla -Wwrite-strings -Wpointer-arith -Wabsolute-value \
  -ffunction-sections -fasync-exceptions -ffp-exception-behavior=maytrap -gdwarf-4 -g -O2
/workspace/scratch/94ffb2b0bb2d/madeira-desktop-overlay-build/toolchains/llvm-mingw-20260421-ucrt-ubuntu-22.04-x86_64/bin/clang -D__STDC__ -c -o dlls/msi/aarch64-windows/package.o /workspace/scratch/94ffb2b0bb2d/madeira-msi-patched-provider-build-20261005/wine/dlls/msi/package.c \
  -Idlls/msi \
  -I/workspace/scratch/94ffb2b0bb2d/madeira-msi-patched-provider-build-20261005/wine/dlls/msi \
  -Iinclude \
  -I/workspace/scratch/94ffb2b0bb2d/madeira-msi-patched-provider-build-20261005/wine/include \
  -I/workspace/scratch/94ffb2b0bb2d/madeira-msi-patched-provider-build-20261005/wine/include/msvcrt \
  -D_UCRT -D__WINESRC__ -D__WINE_PE_BUILD -Wall -target aarch64-windows -fuse-ld=lld \
  --no-default-config -fno-strict-aliasing -Wdeclaration-after-statement -Wempty-body \
  -Wignored-qualifiers -Winit-self -Wno-microsoft-enum-forward-reference -Wstrict-prototypes \
  -Wtype-limits -Wunused-but-set-parameter -Wvla -Wwrite-strings -Wpointer-arith -Wabsolute-value \
  -ffunction-sections -fasync-exceptions -ffp-exception-behavior=maytrap -gdwarf-4 -g -O2
/workspace/scratch/94ffb2b0bb2d/madeira-desktop-overlay-build/toolchains/llvm-mingw-20260421-ucrt-ubuntu-22.04-x86_64/bin/clang -D__STDC__ -c -o dlls/msi/aarch64-windows/msiserver_i.o dlls/msi/aarch64-windows/msiserver_i.c -Idlls/msi \
  -I/workspace/scratch/94ffb2b0bb2d/madeira-msi-patched-provider-build-20261005/wine/dlls/msi \
  -Iinclude \
  -I/workspace/scratch/94ffb2b0bb2d/madeira-msi-patched-provider-build-20261005/wine/include \
  -I/workspace/scratch/94ffb2b0bb2d/madeira-msi-patched-provider-build-20261005/wine/include/msvcrt \
  -D_UCRT -D__WINESRC__ -D__WINE_PE_BUILD -Wall -target aarch64-windows -fuse-ld=lld \
  --no-default-config -fno-strict-aliasing -Wdeclaration-after-statement -Wempty-body \
  -Wignored-qualifiers -Winit-self -Wno-microsoft-enum-forward-reference -Wstrict-prototypes \
  -Wtype-limits -Wunused-but-set-parameter -Wvla -Wwrite-strings -Wpointer-arith -Wabsolute-value \
  -ffunction-sections -fasync-exceptions -ffp-exception-behavior=maytrap -gdwarf-4 -g -O2
/workspace/scratch/94ffb2b0bb2d/madeira-desktop-overlay-build/toolchains/llvm-mingw-20260421-ucrt-ubuntu-22.04-x86_64/bin/clang -D__STDC__ -c -o dlls/msi/aarch64-windows/winemsi_c.o dlls/msi/aarch64-windows/winemsi_c.c -Idlls/msi \
  -I/workspace/scratch/94ffb2b0bb2d/madeira-msi-patched-provider-build-20261005/wine/dlls/msi \
  -Iinclude \
  -I/workspace/scratch/94ffb2b0bb2d/madeira-msi-patched-provider-build-20261005/wine/include \
  -I/workspace/scratch/94ffb2b0bb2d/madeira-msi-patched-provider-build-20261005/wine/include/msvcrt \
  -D_UCRT -D__WINESRC__ -D__WINE_PE_BUILD -Wall -target aarch64-windows -fuse-ld=lld \
  --no-default-config -fno-strict-aliasing -Wdeclaration-after-statement -Wempty-body \
  -Wignored-qualifiers -Winit-self -Wno-microsoft-enum-forward-reference -Wstrict-prototypes \
  -Wtype-limits -Wunused-but-set-parameter -Wvla -Wwrite-strings -Wpointer-arith -Wabsolute-value \
  -ffunction-sections -fasync-exceptions -ffp-exception-behavior=maytrap -gdwarf-4 -g -O2
/workspace/scratch/94ffb2b0bb2d/madeira-desktop-overlay-build/toolchains/llvm-mingw-20260421-ucrt-ubuntu-22.04-x86_64/bin/clang -D__STDC__ -c -o dlls/msi/aarch64-windows/winemsi_s.o dlls/msi/aarch64-windows/winemsi_s.c -Idlls/msi \
  -I/workspace/scratch/94ffb2b0bb2d/madeira-msi-patched-provider-build-20261005/wine/dlls/msi \
  -Iinclude \
  -I/workspace/scratch/94ffb2b0bb2d/madeira-msi-patched-provider-build-20261005/wine/include \
  -I/workspace/scratch/94ffb2b0bb2d/madeira-msi-patched-provider-build-20261005/wine/include/msvcrt \
  -D_UCRT -D__WINESRC__ -D__WINE_PE_BUILD -Wall -target aarch64-windows -fuse-ld=lld \
  --no-default-config -fno-strict-aliasing -Wdeclaration-after-statement -Wempty-body \
  -Wignored-qualifiers -Winit-self -Wno-microsoft-enum-forward-reference -Wstrict-prototypes \
  -Wtype-limits -Wunused-but-set-parameter -Wvla -Wwrite-strings -Wpointer-arith -Wabsolute-value \
  -ffunction-sections -fasync-exceptions -ffp-exception-behavior=maytrap -gdwarf-4 -g -O2
tools/wrc/wrc -u -o dlls/msi/msi.res --nostdinc -Idlls/msi \
  -I/workspace/scratch/94ffb2b0bb2d/madeira-msi-patched-provider-build-20261005/wine/dlls/msi \
  -Iinclude \
  -I/workspace/scratch/94ffb2b0bb2d/madeira-msi-patched-provider-build-20261005/wine/include \
  -I/workspace/scratch/94ffb2b0bb2d/madeira-msi-patched-provider-build-20261005/wine/include/msvcrt \
  -D_UCRT -D__WINESRC__ \
  /workspace/scratch/94ffb2b0bb2d/madeira-msi-patched-provider-build-20261005/wine/dlls/msi/msi.rc
/workspace/scratch/94ffb2b0bb2d/madeira-desktop-overlay-build/toolchains/llvm-mingw-20260421-ucrt-ubuntu-22.04-x86_64/bin/clang -D__STDC__ -c -o libs/uuid/aarch64-windows/d2d.o /workspace/scratch/94ffb2b0bb2d/madeira-msi-patched-provider-build-20261005/wine/libs/uuid/d2d.c \
  -Ilibs/uuid \
  -I/workspace/scratch/94ffb2b0bb2d/madeira-msi-patched-provider-build-20261005/wine/libs/uuid \
  -Iinclude \
  -I/workspace/scratch/94ffb2b0bb2d/madeira-msi-patched-provider-build-20261005/wine/include \
  -I/workspace/scratch/94ffb2b0bb2d/madeira-msi-patched-provider-build-20261005/wine/include/msvcrt \
  -D_MSVCR_VER=0 -D__WINESRC__ -D__WINE_PE_BUILD -Wall -target aarch64-windows -fuse-ld=lld \
  --no-default-config -fno-strict-aliasing -Wdeclaration-after-statement -Wempty-body \
  -Wignored-qualifiers -Winit-self -Wno-microsoft-enum-forward-reference -Wstrict-prototypes \
  -Wtype-limits -Wunused-but-set-parameter -Wvla -Wwrite-strings -Wpointer-arith -Wabsolute-value \
  -ffunction-sections -fasync-exceptions -ffp-exception-behavior=maytrap -gdwarf-4 -g -O2
/workspace/scratch/94ffb2b0bb2d/madeira-desktop-overlay-build/toolchains/llvm-mingw-20260421-ucrt-ubuntu-22.04-x86_64/bin/clang -D__STDC__ -c -o libs/uuid/aarch64-windows/uuid.o /workspace/scratch/94ffb2b0bb2d/madeira-msi-patched-provider-build-20261005/wine/libs/uuid/uuid.c \
  -Ilibs/uuid \
  -I/workspace/scratch/94ffb2b0bb2d/madeira-msi-patched-provider-build-20261005/wine/libs/uuid \
  -Iinclude \
  -I/workspace/scratch/94ffb2b0bb2d/madeira-msi-patched-provider-build-20261005/wine/include \
  -I/workspace/scratch/94ffb2b0bb2d/madeira-msi-patched-provider-build-20261005/wine/include/msvcrt \
  -D_MSVCR_VER=0 -D__WINESRC__ -D__WINE_PE_BUILD -Wall -target aarch64-windows -fuse-ld=lld \
  --no-default-config -fno-strict-aliasing -Wdeclaration-after-statement -Wempty-body \
  -Wignored-qualifiers -Winit-self -Wno-microsoft-enum-forward-reference -Wstrict-prototypes \
  -Wtype-limits -Wunused-but-set-parameter -Wvla -Wwrite-strings -Wpointer-arith -Wabsolute-value \
  -ffunction-sections -fasync-exceptions -ffp-exception-behavior=maytrap -gdwarf-4 -g -O2
tools/winebuild/winebuild -w --staticlib -o libs/winecrt0/aarch64-windows/libwinecrt0.a \
  --cc-cmd="/workspace/scratch/94ffb2b0bb2d/madeira-desktop-overlay-build/toolchains/llvm-mingw-20260421-ucrt-ubuntu-22.04-x86_64/bin/clang -D__STDC__" \
  -b aarch64-windows libs/winecrt0/aarch64-windows/arm64ec.o \
  libs/winecrt0/aarch64-windows/crt_dllmain.o libs/winecrt0/aarch64-windows/crt_fltused.o \
  libs/winecrt0/aarch64-windows/debug.o libs/winecrt0/aarch64-windows/delay_load.o \
  libs/winecrt0/aarch64-windows/dll_canunload.o libs/winecrt0/aarch64-windows/dll_main.o \
  libs/winecrt0/aarch64-windows/dll_register.o libs/winecrt0/aarch64-windows/dll_version.o \
  libs/winecrt0/aarch64-windows/exception.o libs/winecrt0/aarch64-windows/exe16_entry.o \
  libs/winecrt0/aarch64-windows/gcc_ctors.o libs/winecrt0/aarch64-windows/register.o \
  libs/winecrt0/aarch64-windows/setjmp.o libs/winecrt0/aarch64-windows/stub.o \
  libs/winecrt0/aarch64-windows/tls.o libs/winecrt0/aarch64-windows/unix_lib.o
tools/winebuild/winebuild -w --staticlib -o libs/compiler-rt/aarch64-windows/libcompiler-rt.a \
  --cc-cmd="/workspace/scratch/94ffb2b0bb2d/madeira-desktop-overlay-build/toolchains/llvm-mingw-20260421-ucrt-ubuntu-22.04-x86_64/bin/clang -D__STDC__" \
  -b aarch64-windows libs/compiler-rt/aarch64-windows/lib/builtins/aarch64/chkstk.o \
  libs/compiler-rt/aarch64-windows/lib/builtins/ctzdi2.o \
  libs/compiler-rt/aarch64-windows/lib/builtins/divdi3.o \
  libs/compiler-rt/aarch64-windows/lib/builtins/divmoddi4.o \
  libs/compiler-rt/aarch64-windows/lib/builtins/divmodsi4.o \
  libs/compiler-rt/aarch64-windows/lib/builtins/divsi3.o \
  libs/compiler-rt/aarch64-windows/lib/builtins/divti3.o \
  libs/compiler-rt/aarch64-windows/lib/builtins/emutls.o \
  libs/compiler-rt/aarch64-windows/lib/builtins/fixdfdi.o \
  libs/compiler-rt/aarch64-windows/lib/builtins/fixsfdi.o \
  libs/compiler-rt/aarch64-windows/lib/builtins/fixunsdfdi.o \
  libs/compiler-rt/aarch64-windows/lib/builtins/fixunssfdi.o \
  libs/compiler-rt/aarch64-windows/lib/builtins/floatdidf.o \
  libs/compiler-rt/aarch64-windows/lib/builtins/floatdisf.o \
  libs/compiler-rt/aarch64-windows/lib/builtins/floatundidf.o \
  libs/compiler-rt/aarch64-windows/lib/builtins/floatundisf.o \
  libs/compiler-rt/aarch64-windows/lib/builtins/mingw_fixfloat.o \
  libs/compiler-rt/aarch64-windows/lib/builtins/popcountdi2.o \
  libs/compiler-rt/aarch64-windows/lib/builtins/popcountsi2.o \
  libs/compiler-rt/aarch64-windows/lib/builtins/udivdi3.o \
  libs/compiler-rt/aarch64-windows/lib/builtins/udivmoddi4.o \
  libs/compiler-rt/aarch64-windows/lib/builtins/udivmodsi4.o \
  libs/compiler-rt/aarch64-windows/lib/builtins/udivmodti4.o \
  libs/compiler-rt/aarch64-windows/lib/builtins/udivsi3.o \
  libs/compiler-rt/aarch64-windows/lib/builtins/udivti3.o \
  libs/compiler-rt/aarch64-windows/lib/builtins/umoddi3.o \
  libs/compiler-rt/aarch64-windows/lib/builtins/umodsi3.o \
  libs/compiler-rt/aarch64-windows/lib/builtins/umodti3.o
tools/winebuild/winebuild -w --staticlib -o libs/zlib/aarch64-windows/libz.a \
  --cc-cmd="/workspace/scratch/94ffb2b0bb2d/madeira-desktop-overlay-build/toolchains/llvm-mingw-20260421-ucrt-ubuntu-22.04-x86_64/bin/clang -D__STDC__" \
  -b aarch64-windows libs/zlib/aarch64-windows/adler32.o libs/zlib/aarch64-windows/crc32.o \
  libs/zlib/aarch64-windows/deflate.o libs/zlib/aarch64-windows/inffast.o \
  libs/zlib/aarch64-windows/inflate.o libs/zlib/aarch64-windows/inftrees.o \
  libs/zlib/aarch64-windows/trees.o libs/zlib/aarch64-windows/zutil.o
tools/winegcc/winegcc -o dlls/sxs/aarch64-windows/sxs.dll --wine-objdir . \
  --cc-cmd="/workspace/scratch/94ffb2b0bb2d/madeira-desktop-overlay-build/toolchains/llvm-mingw-20260421-ucrt-ubuntu-22.04-x86_64/bin/clang -D__STDC__" \
  -b aarch64-windows -Wl,--wine-builtin -shared \
  /workspace/scratch/94ffb2b0bb2d/madeira-msi-patched-provider-build-20261005/wine/dlls/sxs/sxs.spec \
  -Wb,--prefer-native dlls/sxs/aarch64-windows/cache.o dlls/sxs/aarch64-windows/name.o \
  dlls/sxs/aarch64-windows/sxs.o dlls/oleaut32/aarch64-windows/liboleaut32.a \
  dlls/ole32/aarch64-windows/libole32.a libs/winecrt0/aarch64-windows/libwinecrt0.a \
  libs/compiler-rt/aarch64-windows/libcompiler-rt.a dlls/ucrtbase/aarch64-windows/libucrtbase.a \
  dlls/kernel32/aarch64-windows/libkernel32.a dlls/ntdll/aarch64-windows/libntdll.a \
  --no-default-config -Wl,-debug:dwarf
tools/winegcc/winegcc -o dlls/mspatcha/aarch64-windows/mspatcha.dll --wine-objdir . \
  --cc-cmd="/workspace/scratch/94ffb2b0bb2d/madeira-desktop-overlay-build/toolchains/llvm-mingw-20260421-ucrt-ubuntu-22.04-x86_64/bin/clang -D__STDC__" \
  -b aarch64-windows -Wl,--wine-builtin -shared \
  /workspace/scratch/94ffb2b0bb2d/madeira-msi-patched-provider-build-20261005/wine/dlls/mspatcha/mspatcha.spec \
  -Wb,--prefer-native dlls/mspatcha/aarch64-windows/lzxd_dec.o \
  dlls/mspatcha/aarch64-windows/mspatcha_main.o dlls/mspatcha/aarch64-windows/pa19.o \
  dlls/mspatcha/version.res libs/winecrt0/aarch64-windows/libwinecrt0.a \
  libs/compiler-rt/aarch64-windows/libcompiler-rt.a dlls/ucrtbase/aarch64-windows/libucrtbase.a \
  dlls/kernel32/aarch64-windows/libkernel32.a dlls/ntdll/aarch64-windows/libntdll.a \
  --no-default-config -Wl,-debug:dwarf
tools/winegcc/winegcc -o programs/regsvr32/aarch64-windows/regsvr32.exe --wine-objdir . \
  --cc-cmd="/workspace/scratch/94ffb2b0bb2d/madeira-desktop-overlay-build/toolchains/llvm-mingw-20260421-ucrt-ubuntu-22.04-x86_64/bin/clang -D__STDC__" \
  -b aarch64-windows -Wl,--wine-builtin -mwindows -municode \
  programs/regsvr32/aarch64-windows/regsvr32.o programs/regsvr32/regsvr32.res \
  programs/regsvr32/version.res dlls/ole32/aarch64-windows/libole32.a \
  dlls/user32/aarch64-windows/libuser32.a dlls/kernelbase/aarch64-windows/libkernelbase.a \
  libs/winecrt0/aarch64-windows/libwinecrt0.a libs/compiler-rt/aarch64-windows/libcompiler-rt.a \
  dlls/ucrtbase/aarch64-windows/libucrtbase.a dlls/kernel32/aarch64-windows/libkernel32.a \
  dlls/ntdll/aarch64-windows/libntdll.a --no-default-config -Wl,-debug:dwarf
/workspace/scratch/94ffb2b0bb2d/madeira-desktop-overlay-build/toolchains/llvm-mingw-20260421-ucrt-ubuntu-22.04-x86_64/bin/clang -D__STDC__ -c -o dlls/msi/aarch64-windows/action.o /workspace/scratch/94ffb2b0bb2d/madeira-msi-patched-provider-build-20261005/wine/dlls/msi/action.c \
  -Idlls/msi \
  -I/workspace/scratch/94ffb2b0bb2d/madeira-msi-patched-provider-build-20261005/wine/dlls/msi \
  -Iinclude \
  -I/workspace/scratch/94ffb2b0bb2d/madeira-msi-patched-provider-build-20261005/wine/include \
  -I/workspace/scratch/94ffb2b0bb2d/madeira-msi-patched-provider-build-20261005/wine/include/msvcrt \
  -D_UCRT -D__WINESRC__ -D__WINE_PE_BUILD -Wall -target aarch64-windows -fuse-ld=lld \
  --no-default-config -fno-strict-aliasing -Wdeclaration-after-statement -Wempty-body \
  -Wignored-qualifiers -Winit-self -Wno-microsoft-enum-forward-reference -Wstrict-prototypes \
  -Wtype-limits -Wunused-but-set-parameter -Wvla -Wwrite-strings -Wpointer-arith -Wabsolute-value \
  -ffunction-sections -fasync-exceptions -ffp-exception-behavior=maytrap -gdwarf-4 -g -O2
tools/winebuild/winebuild -w --staticlib -o libs/uuid/aarch64-windows/libuuid.a \
  --cc-cmd="/workspace/scratch/94ffb2b0bb2d/madeira-desktop-overlay-build/toolchains/llvm-mingw-20260421-ucrt-ubuntu-22.04-x86_64/bin/clang -D__STDC__" \
  -b aarch64-windows libs/uuid/aarch64-windows/d2d.o libs/uuid/aarch64-windows/uuid.o
tools/winegcc/winegcc -o programs/msiexec/aarch64-windows/msiexec.exe --wine-objdir . \
  --cc-cmd="/workspace/scratch/94ffb2b0bb2d/madeira-desktop-overlay-build/toolchains/llvm-mingw-20260421-ucrt-ubuntu-22.04-x86_64/bin/clang -D__STDC__" \
  -b aarch64-windows -Wl,--wine-builtin -mwindows programs/msiexec/aarch64-windows/msiexec.o \
  programs/msiexec/aarch64-windows/service.o programs/msiexec/rsrc.res programs/msiexec/version.res \
  dlls/msi/aarch64-windows/libmsi.a dlls/ole32/aarch64-windows/libole32.a \
  dlls/advapi32/aarch64-windows/libadvapi32.a dlls/user32/aarch64-windows/libuser32.a \
  dlls/comctl32/aarch64-windows/libcomctl32.a libs/winecrt0/aarch64-windows/libwinecrt0.a \
  libs/compiler-rt/aarch64-windows/libcompiler-rt.a dlls/ucrtbase/aarch64-windows/libucrtbase.a \
  dlls/kernel32/aarch64-windows/libkernel32.a dlls/ntdll/aarch64-windows/libntdll.a \
  --no-default-config -Wl,-debug:dwarf
tools/winegcc/winegcc -o dlls/cabinet/aarch64-windows/cabinet.dll --wine-objdir . \
  --cc-cmd="/workspace/scratch/94ffb2b0bb2d/madeira-desktop-overlay-build/toolchains/llvm-mingw-20260421-ucrt-ubuntu-22.04-x86_64/bin/clang -D__STDC__" \
  -b aarch64-windows -Wl,--wine-builtin -shared \
  /workspace/scratch/94ffb2b0bb2d/madeira-msi-patched-provider-build-20261005/wine/dlls/cabinet/cabinet.spec \
  dlls/cabinet/aarch64-windows/cabinet_main.o dlls/cabinet/aarch64-windows/fci.o \
  dlls/cabinet/aarch64-windows/fdi.o dlls/cabinet/version.res libs/zlib/aarch64-windows/libz.a \
  libs/winecrt0/aarch64-windows/libwinecrt0.a libs/compiler-rt/aarch64-windows/libcompiler-rt.a \
  dlls/ucrtbase/aarch64-windows/libucrtbase.a dlls/kernel32/aarch64-windows/libkernel32.a \
  dlls/ntdll/aarch64-windows/libntdll.a --no-default-config -Wl,-debug:dwarf
tools/winegcc/winegcc -o dlls/odbccp32/aarch64-windows/odbccp32.dll --wine-objdir . \
  --cc-cmd="/workspace/scratch/94ffb2b0bb2d/madeira-desktop-overlay-build/toolchains/llvm-mingw-20260421-ucrt-ubuntu-22.04-x86_64/bin/clang -D__STDC__" \
  -b aarch64-windows -Wl,--wine-builtin -shared \
  /workspace/scratch/94ffb2b0bb2d/madeira-msi-patched-provider-build-20261005/wine/dlls/odbccp32/odbccp32.spec \
  dlls/odbccp32/aarch64-windows/odbccp32.o libs/uuid/aarch64-windows/libuuid.a \
  dlls/advapi32/aarch64-windows/libadvapi32.a libs/winecrt0/aarch64-windows/libwinecrt0.a \
  libs/compiler-rt/aarch64-windows/libcompiler-rt.a dlls/ucrtbase/aarch64-windows/libucrtbase.a \
  dlls/kernel32/aarch64-windows/libkernel32.a dlls/ntdll/aarch64-windows/libntdll.a \
  --no-default-config -Wl,-debug:dwarf
tools/winegcc/winegcc -o dlls/msi/aarch64-windows/msi.dll --wine-objdir . \
  --cc-cmd="/workspace/scratch/94ffb2b0bb2d/madeira-desktop-overlay-build/toolchains/llvm-mingw-20260421-ucrt-ubuntu-22.04-x86_64/bin/clang -D__STDC__" \
  -b aarch64-windows -Wl,--wine-builtin -shared \
  /workspace/scratch/94ffb2b0bb2d/madeira-msi-patched-provider-build-20261005/wine/dlls/msi/msi.spec \
  dlls/msi/aarch64-windows/action.o dlls/msi/aarch64-windows/alter.o \
  dlls/msi/aarch64-windows/appsearch.o dlls/msi/aarch64-windows/assembly.o \
  dlls/msi/aarch64-windows/automation.o dlls/msi/aarch64-windows/classes.o \
  dlls/msi/aarch64-windows/create.o dlls/msi/aarch64-windows/custom.o \
  dlls/msi/aarch64-windows/database.o dlls/msi/aarch64-windows/delete.o \
  dlls/msi/aarch64-windows/dialog.o dlls/msi/aarch64-windows/distinct.o \
  dlls/msi/aarch64-windows/drop.o dlls/msi/aarch64-windows/files.o dlls/msi/aarch64-windows/font.o \
  dlls/msi/aarch64-windows/format.o dlls/msi/aarch64-windows/handle.o \
  dlls/msi/aarch64-windows/insert.o dlls/msi/aarch64-windows/install.o \
  dlls/msi/aarch64-windows/media.o dlls/msi/aarch64-windows/msi.o \
  dlls/msi/aarch64-windows/msi_main.o dlls/msi/aarch64-windows/msiquery.o \
  dlls/msi/aarch64-windows/package.o dlls/msi/aarch64-windows/patch.o \
  dlls/msi/aarch64-windows/record.o dlls/msi/aarch64-windows/registry.o \
  dlls/msi/aarch64-windows/script.o dlls/msi/aarch64-windows/select.o \
  dlls/msi/aarch64-windows/source.o dlls/msi/aarch64-windows/storages.o \
  dlls/msi/aarch64-windows/streams.o dlls/msi/aarch64-windows/string.o \
  dlls/msi/aarch64-windows/suminfo.o dlls/msi/aarch64-windows/table.o \
  dlls/msi/aarch64-windows/tokenize.o dlls/msi/aarch64-windows/update.o \
  dlls/msi/aarch64-windows/upgrade.o dlls/msi/aarch64-windows/where.o \
  dlls/msi/aarch64-windows/cond.tab.o dlls/msi/aarch64-windows/msiserver_i.o \
  dlls/msi/aarch64-windows/sql.tab.o dlls/msi/aarch64-windows/winemsi_c.o \
  dlls/msi/aarch64-windows/winemsi_s.o dlls/msi/msi.res dlls/msi/aarch64-windows/msiserver_t.res \
  dlls/msi/aarch64-windows/msiserver_r.res dlls/msi/version.res libs/uuid/aarch64-windows/libuuid.a \
  dlls/urlmon/aarch64-windows/liburlmon.a dlls/wininet/aarch64-windows/libwininet.a \
  dlls/comctl32/aarch64-windows/libcomctl32.a dlls/shell32/aarch64-windows/libshell32.a \
  dlls/shlwapi/aarch64-windows/libshlwapi.a dlls/cabinet/aarch64-windows/libcabinet.a \
  dlls/oleaut32/aarch64-windows/liboleaut32.a dlls/ole32/aarch64-windows/libole32.a \
  dlls/version/aarch64-windows/libversion.a dlls/user32/aarch64-windows/libuser32.a \
  dlls/gdi32/aarch64-windows/libgdi32.a dlls/advapi32/aarch64-windows/libadvapi32.a \
  dlls/rpcrt4/aarch64-windows/librpcrt4.a dlls/sxs/aarch64-windows/libsxs.a \
  dlls/imagehlp/aarch64-windows/libimagehlp.a dlls/mspatcha/aarch64-windows/libmspatcha.a \
  dlls/odbccp32/aarch64-windows/libodbccp32.a dlls/wintrust/aarch64-windows/libwintrust.a \
  dlls/crypt32/aarch64-windows/libcrypt32.a libs/winecrt0/aarch64-windows/libwinecrt0.a \
  libs/compiler-rt/aarch64-windows/libcompiler-rt.a dlls/ucrtbase/aarch64-windows/libucrtbase.a \
  dlls/kernel32/aarch64-windows/libkernel32.a dlls/ntdll/aarch64-windows/libntdll.a \
  --no-default-config -Wl,-debug:dwarf
